case,track_id,birth_frame,last_frame,n_observations,lifespan_frames,median_source_similarity,median_gdino_score,birth_existing_track,birth_existing_similarity
Cosmos2.5_0058,T00,0,92,32,92,0.9580395817756654,0.5381923019886017,,
Cosmos2.5_0058,T01,15,92,27,77,0.8025610446929932,0.3943619132041931,T00,0.3202139139175415
Cosmos2.5_0058,T02,39,39,1,0,0.5482431650161743,0.1003346890211105,T01,0.14788134396076202
Cosmos2.5_0058,T03,42,92,18,50,0.693411111831665,0.15135791152715677,T01,0.554800271987915
Cosmos2.5_0060,T00,0,92,32,92,0.9366774559020996,0.29764583706855774,,
Cosmos2.5_0060,T01,6,92,30,86,0.812113344669342,0.550404280424118,T00,0.5453294515609741
Cosmos2.5_0060,T02,33,72,14,39,0.9255589246749878,0.1054797992110252,T01,0.47367414832115173
Cosmos2.5_0060,T03,75,92,7,17,0.927969455718994,0.1086012944579124,T00,0.47529059648513794
Cosmos3_seed101_0010,T00,0,188,64,188,0.943490594625473,0.5898913741111755,,
Cosmos3_seed101_0010,T01,0,96,33,96,0.8282756805419922,0.4281988739967346,,
Cosmos3_seed101_0010,T02,60,188,44,128,0.7332611680030823,0.3917824625968933,T00,0.1870126873254776
Cosmos3_seed101_0010,T03,132,144,4,12,0.6717051863670349,0.1214043870568275,T02,0.3522292971611023
Cosmos3_seed101_0020,T00,0,188,64,188,0.9187789857387543,0.7254949510097504,,
Cosmos3_seed101_0020,T01,45,45,1,0,0.6656653881072998,0.1188755333423614,T00,0.3161371052265167
Cosmos3_seed101_0020,T02,45,45,1,0,0.6194734573364258,0.1022461727261543,T00,0.14297804236412048
Cosmos3_seed101_0020,T03,54,66,5,12,0.6707316637039185,0.1134975776076316,T00,0.2665862441062927
Cosmos3_seed101_0020,T04,57,63,3,6,0.618881106376648,0.1027587801218032,T03,0.4267980456352234
Cosmos3_seed101_0020,T05,84,99,6,15,0.62378990650177,0.12899664789438245,T00,0.23546172678470612
Cosmos3_seed101_0020,T06,96,117,7,21,0.8095439076423645,0.1106502711772918,T05,0.7124809622764587
Cosmos3_seed101_0020,T07,102,108,3,6,0.7926019430160522,0.1086196899414062,T00,0.705784797668457
Cosmos3_seed101_0020,T08,111,138,9,27,0.7266496419906616,0.1735933423042297,T06,0.2528408467769623
Cosmos3_seed101_0020,T09,114,114,1,0,0.6279540061950684,0.1871153563261032,T08,0.660650372505188
Cosmos3_seed101_0020,T10,120,188,23,68,0.916271448135376,0.6559144258499146,T00,0.3761634826660156
Cosmos3_seed101_0020,T11,123,123,1,0,0.6172463893890381,0.1156341210007667,T00,0.18780332803726196
Cosmos3_seed101_0020,T12,156,188,11,32,0.8589173555374146,0.1263731867074966,T00,0.7922393083572388
Cosmos3_seed101_0036,T00,0,132,44,132,0.855981320142746,0.6118768453598022,,
Cosmos3_seed101_0036,T01,0,6,3,6,0.6091910600662231,0.1322802603244781,,
Cosmos3_seed101_0036,T02,0,45,13,45,0.6253290176391602,0.1133821457624435,,
Cosmos3_seed101_0036,T03,3,18,4,15,0.6077523529529572,0.13322614133358,T01,0.2514166831970215
Cosmos3_seed101_0036,T04,12,12,1,0,0.6482915878295898,0.1014652773737907,T02,0.38364362716674805
Cosmos3_seed101_0036,T05,18,18,1,0,0.5669352412223816,0.152625173330307,T00,0.12800392508506775
Cosmos3_seed101_0036,T06,21,30,3,9,0.6234792470932007,0.1047561764717102,T02,0.24275478720664978
Cosmos3_seed101_0036,T07,24,27,2,3,0.680395781993866,0.11204626783728594,T06,0.33971601724624634
Cosmos3_seed101_0036,T08,33,39,3,6,0.6190755367279053,0.1984517127275467,T02,0.348905086517334
Cosmos3_seed101_0036,T09,42,129,30,87,0.6803805828094482,0.14028548449277875,T02,0.3081554174423218
Cosmos3_seed101_0036,T10,48,63,5,15,0.6350023746490479,0.1378577351570129,T09,0.2018270492553711
Cosmos3_seed101_0036,T11,60,108,15,48,0.772330105304718,0.1457183957099914,T00,0.29837238788604736
Cosmos3_seed101_0036,T12,78,78,1,0,0.6305088996887207,0.1647254973649978,T00,0.293117880821228
Cosmos3_seed101_0036,T13,111,188,27,77,0.957016944885254,0.5582616329193115,T00,0.41044163703918457
Cosmos3_seed101_0036,T14,120,120,1,0,0.6662517786026001,0.1384268701076507,T09,0.36875098943710327
Cosmos3_seed101_0036,T15,132,188,20,56,0.8544877171516418,0.5554351806640625,T13,0.9157556295394897
Cosmos3_seed101_0036,T16,135,135,1,0,0.6241747140884399,0.1637714654207229,T15,0.06762713193893433
Cosmos3_seed101_0036,T17,138,141,2,3,0.6290514171123505,0.14018264412879938,T15,0.1896975338459015
Cosmos3_seed101_0036,T18,144,153,4,9,0.6270832419395447,0.14374727010726923,T15,0.34309929609298706
Cosmos3_seed101_0036,T19,156,180,8,24,0.6587221026420593,0.15884144604206085,T15,0.2954472601413727
Cosmos3_seed101_0036,T20,174,174,1,0,0.6521949768066406,0.1180104166269302,T15,0.21305686235427856
Cosmos3_seed101_0036,T21,183,186,2,3,0.6180826425552368,0.1400103718042373,T13,0.04002660512924194
Cosmos3_seed101_0036,T22,188,188,1,0,0.6614951491355896,0.1061195507645607,T13,0.20758402347564697
LVP_0030,T00,0,48,17,48,0.8803309202194214,0.680604100227356,,
LVP_0030,T01,0,18,7,18,0.6463642120361328,0.1532501131296157,,
LVP_0030,T02,18,21,2,3,0.6384002268314362,0.1068336069583892,T00,0.1856936812400818
LVP_0030,T03,21,24,2,3,0.6021287143230438,0.15606014430522916,T00,0.4648019075393677
LVP_0030,T04,24,24,1,0,0.6030968427658081,0.1038088798522949,T00,0.3101513087749481
LVP_0030,T05,27,48,7,21,0.6458797454833984,0.1580385565757751,T00,0.2092146873474121
LVP_0030,T06,39,48,4,9,0.7852130234241486,0.3598271608352661,T00,0.42828357219696045
LVP_0030,T07,45,45,1,0,0.8207007050514221,0.1150830760598182,T06,0.8308625221252441
