case,frame,best_pair_score,pair_similarity,min_source_similarity,source_sim_a,source_sim_b
Cosmos2.5_0016,0,0.0,,,,
Cosmos2.5_0016,3,0.0,,,,
Cosmos2.5_0016,6,0.0,,,,
Cosmos2.5_0016,9,0.0,,,,
Cosmos2.5_0016,12,0.0,,,,
Cosmos2.5_0016,15,0.0,,,,
Cosmos2.5_0016,18,0.0,,,,
Cosmos2.5_0016,21,0.0,,,,
Cosmos2.5_0016,24,0.0,,,,
Cosmos2.5_0016,27,0.7151301466201048,0.8618141412734985,0.8297962546348572,0.937042474746704,0.8297962546348572
Cosmos2.5_0016,30,0.7572822466050511,0.8899472951889038,0.850929319858551,0.9367454051971436,0.850929319858551
Cosmos2.5_0016,33,0.6948068233911044,0.850487470626831,0.8169512748718262,0.9407789707183838,0.8169512748718262
Cosmos2.5_0016,36,0.7798701720908596,0.9003064036369324,0.8662275075912476,0.942440152168274,0.8662275075912476
Cosmos2.5_0016,39,0.8176049828713161,0.9162137508392334,0.8923736214637756,0.9347144365310668,0.8923736214637756
Cosmos2.5_0016,42,0.7526739713080133,0.8880186080932617,0.847588062286377,0.9336470365524292,0.847588062286377
Cosmos2.5_0016,45,0.7810146043661632,0.898402988910675,0.8693366050720215,0.9316742420196532,0.8693366050720215
Cosmos2.5_0016,48,0.8052860821627661,0.9131316542625427,0.8818948268890381,0.9398305416107178,0.8818948268890381
Cosmos2.5_0016,51,0.7719136809722897,0.8955111503601074,0.8619810938835144,0.9401363730430604,0.8619810938835144
Cosmos2.5_0016,54,0.7914819251596583,0.8988882899284363,0.880511999130249,0.9454519748687744,0.880511999130249
Cosmos2.5_0016,57,0.8066001393251128,0.9135434627532959,0.8829357028007507,0.953837513923645,0.8829357028007507
Cosmos2.5_0016,60,0.7971833728021096,0.8975808024406433,0.8881466388702393,0.9555574059486388,0.8881466388702393
Cosmos2.5_0016,63,0.8047873434102684,0.9045369029045105,0.8897230625152588,0.9483418464660645,0.8897230625152588
Cosmos2.5_0016,66,0.7969137187113731,0.8935480713844299,0.8918532133102417,0.9416457414627076,0.8918532133102417
Cosmos2.5_0016,69,0.8124100919270738,0.9073719382286072,0.895344078540802,0.9375835061073304,0.895344078540802
Cosmos2.5_0016,72,0.7868166710691682,0.8940368890762329,0.8800718188285828,0.9388000965118408,0.8800718188285828
Cosmos2.5_0016,75,0.7819139975892853,0.8955947160720825,0.873066782951355,0.9374879598617554,0.873066782951355
Cosmos2.5_0016,78,0.8217300082620937,0.9199920296669006,0.8931925296783447,0.9439752101898192,0.8931925296783447
Cosmos2.5_0016,81,0.8098309910536159,0.9076094031333923,0.892268180847168,0.9414305686950684,0.892268180847168
Cosmos2.5_0016,84,0.7813825040560829,0.8909519910812378,0.8770197629928589,0.938252568244934,0.8770197629928589
Cosmos2.5_0016,87,0.814117208929801,0.9137319326400757,0.8909803628921509,0.9399097561836244,0.8909803628921509
Cosmos2.5_0016,90,0.7686395713689009,0.8802584409713745,0.873197615146637,0.9350996017456056,0.873197615146637
Cosmos2.5_0016,92,0.7875871676167279,0.8963368535041809,0.8786731958389282,0.9305161833763124,0.8786731958389282
Cosmos3_seed101_0003,0,0.44524672965779644,0.6787747740745544,0.655956506729126,0.9835569858551024,0.655956506729126
Cosmos3_seed101_0003,3,0.3950141605287456,0.6399388313293457,0.6172686219215393,0.9881759881973268,0.6172686219215393
Cosmos3_seed101_0003,6,0.345693660392854,0.582919716835022,0.5930382013320923,0.985902726650238,0.5930382013320923
Cosmos3_seed101_0003,9,0.3579831369149673,0.6046463251113892,0.5920537710189819,0.983190417289734,0.5920537710189819
Cosmos3_seed101_0003,12,0.333845215212925,0.594197154045105,0.5618425011634827,0.573721170425415,0.5618425011634827
Cosmos3_seed101_0003,15,0.35800414065691655,0.6289894580841064,0.5691735148429871,0.5808577537536621,0.5691735148429871
Cosmos3_seed101_0003,18,0.3955367384980306,0.7072866559028625,0.559231162071228,0.559231162071228,0.574062705039978
Cosmos3_seed101_0003,21,0.4050619934016595,0.7135763168334961,0.567650556564331,0.567650556564331,0.5744788646697998
Cosmos3_seed101_0003,24,0.39774442540588595,0.7330369353294373,0.5425980687141418,0.5700526237487793,0.5425980687141418
Cosmos3_seed101_0003,27,0.3877429434498225,0.8235373497009277,0.4708261787891388,0.5576537251472473,0.4708261787891388
Cosmos3_seed101_0003,30,0.5707399277878977,0.934613823890686,0.6106692552566528,0.6390115022659302,0.6106692552566528
Cosmos3_seed101_0003,33,0.45386802525829495,0.7889242768287659,0.575299859046936,0.6476720571517944,0.575299859046936
Cosmos3_seed101_0003,36,0.4664343493016432,0.7019044756889343,0.6645268201828003,0.9737381935119628,0.6645268201828003
Cosmos3_seed101_0003,39,0.452877954286123,0.6845798492431641,0.6615414619445801,0.9685035347938538,0.6615414619445801
Cosmos3_seed101_0003,42,0.4394048342183865,0.7634913325309753,0.575520396232605,0.6316162943840027,0.575520396232605
Cosmos3_seed101_0003,45,0.43865469058565054,0.685973584651947,0.639462947845459,0.93712055683136,0.639462947845459
Cosmos3_seed101_0003,48,0.4967863725841255,0.7586429119110107,0.65483558177948,0.8800025582313538,0.65483558177948
Cosmos3_seed101_0003,51,0.5889629255860882,0.8825066089630127,0.6673750877380371,0.7699435949325562,0.6673750877380371
Cosmos3_seed101_0003,54,0.5744885763885321,0.896221399307251,0.6410118937492371,0.7037636041641235,0.6410118937492371
Cosmos3_seed101_0003,57,0.5269627496397469,0.8155969977378845,0.6461067795753479,0.7289893627166748,0.6461067795753479
Cosmos3_seed101_0003,60,0.49269648883207395,0.7917446494102478,0.622292160987854,0.7577019929885864,0.622292160987854
Cosmos3_seed101_0003,63,0.49314869451046306,0.7813543677330017,0.6311460137367249,0.7592676877975464,0.6311460137367249
Cosmos3_seed101_0003,66,0.5112734167996393,0.8351891040802002,0.6121648550033569,0.6230329871177673,0.6121648550033569
Cosmos3_seed101_0003,69,0.474337557785077,0.8257718086242676,0.574417233467102,0.6049422025680542,0.574417233467102
Cosmos3_seed101_0003,72,0.4862049273193563,0.7707537412643433,0.6308174729347229,0.7514023780822754,0.6308174729347229
Cosmos3_seed101_0003,75,0.5652963511199154,0.8961861729621887,0.630780041217804,0.630780041217804,0.6708115339279175
Cosmos3_seed101_0003,78,0.5589468634416335,0.8535308837890625,0.6548642516136169,0.7021965384483337,0.6548642516136169
Cosmos3_seed101_0003,81,0.536857158266514,0.8003872036933899,0.6707468032836914,0.7107683420181274,0.6707468032836914
Cosmos3_seed101_0003,84,0.584326941099647,0.8578211665153503,0.681175708770752,0.681175708770752,0.7044522166252136
Cosmos3_seed101_0003,87,0.5464162304590232,0.8688892722129822,0.628867506980896,0.6749579906463623,0.628867506980896
Cosmos3_seed101_0003,90,0.5616170163172995,0.8404141068458557,0.668262243270874,0.7672635912895203,0.668262243270874
Cosmos3_seed101_0003,93,0.5512502446778811,0.8636459708213806,0.6382826566696167,0.7399470210075378,0.6382826566696167
Cosmos3_seed101_0003,96,0.548864032776919,0.9266996383666992,0.592278242111206,0.592278242111206,0.6105502843856812
Cosmos3_seed101_0003,99,0.5427885373124184,0.8544461727142334,0.6352518796920776,0.6425460577011108,0.6352518796920776
Cosmos3_seed101_0003,102,0.5443578367869435,0.8650652766227722,0.6292679309844971,0.6592493653297424,0.6292679309844971
Cosmos3_seed101_0003,105,0.5373960965443132,0.8400866985321045,0.6396912336349487,0.6396912336349487,0.6497937440872192
Cosmos3_seed101_0003,108,0.562084073750686,0.8502586483955383,0.6610742211341858,0.7462199926376343,0.6610742211341858
Cosmos3_seed101_0003,111,0.5812993978197483,0.8627815246582031,0.6737504005432129,0.7318457365036011,0.6737504005432129
Cosmos3_seed101_0003,114,0.5588437308321232,0.8403813242912292,0.6649882793426514,0.7337150573730469,0.6649882793426514
Cosmos3_seed101_0003,117,0.5626133702844669,0.833328127861023,0.6751402616500854,0.686859667301178,0.6751402616500854
Cosmos3_seed101_0003,120,0.5241955741145148,0.8222161531448364,0.6375398635864258,0.7141072750091553,0.6375398635864258
Cosmos3_seed101_0003,123,0.6576848691095805,0.8946201205253601,0.735155463218689,0.735155463218689,0.7754027843475342
Cosmos3_seed101_0003,126,0.5401165446893401,0.8556399941444397,0.6312427520751953,0.8007075786590576,0.6312427520751953
Cosmos3_seed101_0003,129,0.5085710818332814,0.8097764253616333,0.6280388832092285,0.8375493884086609,0.6280388832092285
Cosmos3_seed101_0003,132,0.5119981967894773,0.8263171911239624,0.6196146011352539,0.8012179136276245,0.6196146011352539
Cosmos3_seed101_0003,135,0.5182426097826465,0.8156356811523438,0.6353849172592163,0.8131952285766602,0.6353849172592163
Cosmos3_seed101_0003,138,0.5727551586887074,0.8475543260574341,0.6757739782333374,0.811902642250061,0.6757739782333374
Cosmos3_seed101_0003,141,0.4856585649010512,0.776767909526825,0.6252299547195435,0.8558263778686523,0.6252299547195435
Cosmos3_seed101_0003,144,0.6646798014164972,0.9061588048934937,0.733513593673706,0.8270624876022339,0.733513593673706
Cosmos3_seed101_0003,147,0.6203308995881542,0.86234050989151,0.7193572521209717,0.8499675989151001,0.7193572521209717
Cosmos3_seed101_0003,150,0.6032250591265154,0.8586412668228149,0.7025344371795654,0.8874403834342957,0.7025344371795654
Cosmos3_seed101_0003,153,0.6562797885171001,0.8883718848228455,0.7387444376945496,0.8303263187408447,0.7387444376945496
Cosmos3_seed101_0003,156,0.6996812157339605,0.8447115421295166,0.8283078670501709,0.8283078670501709,0.8285282850265503
Cosmos3_seed101_0003,159,0.673903072987585,0.828514039516449,0.8133876323699951,0.8302068710327148,0.8133876323699951
Cosmos3_seed101_0003,162,0.6873861968245372,0.8295064568519592,0.8286688923835754,0.83326256275177,0.8286688923835754
Cosmos3_seed101_0003,165,0.6674983908325203,0.822083592414856,0.8119592666625977,0.8119592666625977,0.8192379474639893
Cosmos3_seed101_0003,168,0.6912366054645247,0.8679556846618652,0.7963961958885193,0.7963961958885193,0.8233646750450134
Cosmos3_seed101_0003,171,0.5814157790687204,0.8188679218292236,0.7100238800048828,0.7916848659515381,0.7100238800048828
Cosmos3_seed101_0003,174,0.5827327125264503,0.9512269496917725,0.6126116514205933,0.6126116514205933,0.6165829300880432
Cosmos3_seed101_0003,177,0.41250299172545013,0.7331432700157166,0.5626499056816101,0.5626499056816101,0.6003279685974121
Cosmos3_seed101_0003,180,0.3870953192871127,0.6686886548995972,0.5788872241973877,0.8040027022361755,0.5788872241973877
Cosmos3_seed101_0003,183,0.3978283916943326,0.6861250400543213,0.5798190832138062,0.8405543565750122,0.5798190832138062
Cosmos3_seed101_0003,186,0.5023008873011037,0.7925390601158142,0.6337869167327881,0.8250662088394165,0.6337869167327881
Cosmos3_seed101_0003,188,0.407784981941802,0.6723620891571045,0.6064960956573486,0.8557041883468628,0.6064960956573486
LVP_0004,0,0.43135488925580034,0.7599256038665771,0.5676277875900269,0.6411648988723755,0.5676277875900269
LVP_0004,3,0.4303583647680824,0.7530566453933716,0.5714820623397827,0.6483328342437744,0.5714820623397827
LVP_0004,6,0.461947043068335,0.808947741985321,0.5710468292236328,0.5923323035240173,0.5710468292236328
LVP_0004,9,0.49421474176357094,0.8817723989486694,0.5604788064956665,0.5842298269271851,0.5604788064956665
LVP_0004,12,0.6200568004707314,0.854105532169342,0.7259721159934998,0.7259721159934998,0.7861095666885376
LVP_0004,15,0.6270862889548567,0.8462992310523987,0.7409746646881104,0.7409746646881104,0.8251073956489563
LVP_0004,18,0.606798741914659,0.8101479411125183,0.7489974498748779,0.7785374522209167,0.7489974498748779
LVP_0004,21,0.6177809838774273,0.8395854830741882,0.7358166575431824,0.7962527871131897,0.7358166575431824
LVP_0004,24,0.5992532260676526,0.8466745018959045,0.7077728509902954,0.726457953453064,0.7077728509902954
LVP_0004,27,0.6288431833265662,0.8415281772613525,0.7472633719444275,0.7718378305435181,0.7472633719444275
LVP_0004,30,0.6694161362824147,0.8974606394767761,0.7459002733230591,0.7690397500991821,0.7459002733230591
LVP_0004,33,0.6384566275196804,0.8707354664802551,0.7332383394241333,0.7332383394241333,0.7358067035675049
LVP_0004,36,0.5651225493599483,0.8354373574256897,0.6764391660690308,0.7331193685531616,0.6764391660690308
LVP_0004,39,0.5709551849255945,0.8579325675964355,0.6655012369155884,0.7299221158027649,0.6655012369155884
LVP_0004,42,0.5435672009167263,0.9248741865158081,0.5877201557159424,0.5877201557159424,0.5913369655609131
LVP_0004,45,0.5570991133047016,0.8056684136390686,0.691474437713623,0.691474437713623,0.7437080144882202
LVP_0004,48,0.5303690474605673,0.9306453466415405,0.5698938369750977,0.5922752618789673,0.5698938369750977
