case,frame,rank,gdino_score,source_similarity,x1,y1,x2,y2
Cosmos2.5_0016,0,1,0.8165262937545776,0.9339950680732727,698.9817504882812,289.2107238769531,748.9667358398438,363.1643981933594
Cosmos2.5_0016,3,1,0.8094646334648132,0.9297871589660645,699.1752319335938,289.32110595703125,748.8518676757812,363.92138671875
Cosmos2.5_0016,6,1,0.7998452186584473,0.9360541105270386,699.654541015625,288.9751281738281,749.438232421875,364.1882019042969
Cosmos2.5_0016,9,1,0.7827167510986328,0.9330607056617737,699.4437255859375,288.73602294921875,749.474853515625,363.6021728515625
Cosmos2.5_0016,12,1,0.7807667851448059,0.9407641887664795,699.1151123046875,289.0359802246094,749.2188720703125,363.9898986816406
Cosmos2.5_0016,15,1,0.7747596502304077,0.9475892782211304,699.8289184570312,288.9292907714844,749.7653198242188,363.9461975097656
Cosmos2.5_0016,18,1,0.7666375637054443,0.9419491291046143,699.38818359375,288.7351379394531,749.73876953125,363.9990539550781
Cosmos2.5_0016,21,1,0.7653262615203857,0.9295712113380432,699.1694946289062,288.6177062988281,749.6909790039062,363.3805847167969
Cosmos2.5_0016,24,1,0.7562420964241028,0.9048671722412109,699.1854858398438,288.46441650390625,749.4878540039062,363.41009521484375
Cosmos2.5_0016,27,1,0.7492033243179321,0.9370424747467041,698.9524536132812,288.5328369140625,749.2680053710938,363.57470703125
Cosmos2.5_0016,27,2,0.12144633382558823,0.8297962546348572,556.4364013671875,314.8794860839844,611.263916015625,358.6257629394531
Cosmos2.5_0016,30,1,0.6590383648872375,0.9367454051971436,699.0108032226562,288.6119384765625,749.2316284179688,362.9464111328125
Cosmos2.5_0016,30,2,0.22613053023815155,0.850929319858551,558.325439453125,315.0782165527344,614.8909912109375,368.0450744628906
Cosmos2.5_0016,33,1,0.6490628719329834,0.9407789707183838,699.0885009765625,289.1517028808594,748.955810546875,363.4319763183594
Cosmos2.5_0016,33,2,0.2133684754371643,0.8169512748718262,559.5349731445312,315.20501708984375,617.8309936523438,378.69439697265625
Cosmos2.5_0016,36,1,0.6177801489830017,0.9424401521682739,699.0098876953125,289.2646484375,748.9818115234375,363.43072509765625
Cosmos2.5_0016,36,2,0.24227261543273926,0.8662275075912476,560.8767700195312,313.8471984863281,618.5421752929688,380.8380432128906
Cosmos2.5_0016,39,1,0.6449744701385498,0.9347144365310669,699.1287841796875,289.1710510253906,748.9576416015625,363.1775207519531
Cosmos2.5_0016,39,2,0.2263554036617279,0.8923736214637756,560.964111328125,314.4651184082031,618.7659912109375,381.0817565917969
Cosmos2.5_0016,42,1,0.5890177488327026,0.9336470365524292,698.97802734375,289.1944274902344,748.956787109375,362.9834289550781
Cosmos2.5_0016,42,2,0.2805337905883789,0.847588062286377,560.3314819335938,313.3728332519531,618.3350219726562,380.9339904785156
Cosmos2.5_0016,45,1,0.5944617390632629,0.9316742420196533,699.21533203125,289.3582763671875,748.76513671875,362.9189453125
Cosmos2.5_0016,45,2,0.2832186818122864,0.8693366050720215,558.7465209960938,312.75360107421875,616.6970825195312,380.6253662109375
Cosmos2.5_0016,48,1,0.6077234148979187,0.9398305416107178,699.2100219726562,289.3237609863281,748.8331909179688,362.8925476074219
Cosmos2.5_0016,48,2,0.28246334195137024,0.8818948268890381,556.746337890625,312.9354248046875,614.1021728515625,380.80267333984375
Cosmos2.5_0016,51,1,0.6022229790687561,0.9401363730430603,699.3862915039062,289.3062438964844,748.7116088867188,363.0201721191406
Cosmos2.5_0016,51,2,0.27876442670822144,0.8619810938835144,555.8959350585938,313.33404541015625,611.8798217773438,380.165771484375
Cosmos2.5_0016,54,1,0.6161583065986633,0.9454519748687744,699.3213500976562,289.3533630371094,748.8245239257812,363.0296936035156
Cosmos2.5_0016,54,2,0.2810414433479309,0.880511999130249,555.07177734375,312.72705078125,611.1328125,379.91632080078125
Cosmos2.5_0016,57,1,0.6264023780822754,0.953837513923645,699.0767822265625,289.3670654296875,748.8297119140625,363.04998779296875
Cosmos2.5_0016,57,2,0.2643445134162903,0.8829357028007507,554.5465698242188,312.4355773925781,611.0772094726562,379.8504943847656
Cosmos2.5_0016,60,1,0.6273821592330933,0.9555574059486389,698.9384765625,289.4317626953125,748.734130859375,363.03131103515625
Cosmos2.5_0016,60,2,0.26841962337493896,0.8881466388702393,554.26513671875,312.1142578125,611.346923828125,379.87921142578125
Cosmos2.5_0016,60,3,0.11217033118009567,0.8450977206230164,541.1898803710938,296.9991149902344,627.0774536132812,389.7613830566406
Cosmos2.5_0016,63,1,0.6339930295944214,0.9483418464660645,698.9772338867188,289.35186767578125,748.6514282226562,363.04742431640625
Cosmos2.5_0016,63,2,0.280263215303421,0.8897230625152588,554.3486938476562,312.02081298828125,611.3617553710938,379.69500732421875
Cosmos2.5_0016,63,3,0.10561373829841614,0.8520749807357788,542.5260620117188,292.7061767578125,624.4314575195312,387.1329345703125
Cosmos2.5_0016,66,1,0.6403065919876099,0.9416457414627075,698.8509521484375,289.32037353515625,748.5631103515625,363.1484375
Cosmos2.5_0016,66,2,0.26341864466667175,0.8918532133102417,553.8751220703125,311.604736328125,611.2322998046875,379.5223388671875
Cosmos2.5_0016,69,1,0.6531891822814941,0.9375835061073303,698.8663330078125,289.34918212890625,748.72705078125,363.1578369140625
Cosmos2.5_0016,69,2,0.23742683231830597,0.895344078540802,553.68798828125,311.6661376953125,611.3431396484375,379.54620361328125
Cosmos2.5_0016,72,1,0.658069372177124,0.9388000965118408,698.8687744140625,289.2134094238281,748.6646728515625,363.1981506347656
Cosmos2.5_0016,72,2,0.23640727996826172,0.8800718188285828,553.6932983398438,311.6802978515625,611.3648071289062,379.52752685546875
Cosmos2.5_0016,75,1,0.6492694616317749,0.9374879598617554,698.8048706054688,289.39703369140625,748.7843627929688,363.093994140625
Cosmos2.5_0016,75,2,0.2549237012863159,0.873066782951355,553.3045043945312,311.19921875,610.9441528320312,379.67218017578125
Cosmos2.5_0016,78,1,0.6369165778160095,0.9439752101898193,698.9887084960938,289.1468505859375,748.9469604492188,363.1629638671875
Cosmos2.5_0016,78,2,0.23789392411708832,0.8931925296783447,549.810546875,311.7861022949219,608.1195068359375,380.1905822753906
Cosmos2.5_0016,81,1,0.5956379175186157,0.9414305686950684,699.1596069335938,289.23382568359375,748.7095336914062,363.13250732421875
Cosmos2.5_0016,81,2,0.3049050569534302,0.892268180847168,544.6712646484375,312.1429748535156,604.2474365234375,380.9579162597656
Cosmos2.5_0016,81,3,0.10215713828802109,0.5814951658248901,503.2862243652344,91.22885131835938,1189.26123046875,696.8084716796875
Cosmos2.5_0016,84,1,0.621330976486206,0.9382525682449341,699.1196899414062,289.1405334472656,748.7562866210938,363.1345520019531
Cosmos2.5_0016,84,2,0.2836377024650574,0.8770197629928589,540.6548461914062,311.6695556640625,601.0807495117188,381.86181640625
Cosmos2.5_0016,87,1,0.5916089415550232,0.9399097561836243,699.1994018554688,289.3265686035156,748.6597290039062,363.1587829589844
Cosmos2.5_0016,87,2,0.3184424638748169,0.8909803628921509,537.0040893554688,312.2945556640625,598.2919311523438,382.4774169921875
Cosmos2.5_0016,87,3,0.12817208468914032,0.8466700911521912,522.3956298828125,297.0479431152344,612.7852783203125,393.3251647949219
Cosmos2.5_0016,90,1,0.5613473653793335,0.9350996017456055,699.2646484375,289.2901916503906,748.679443359375,362.9544982910156
Cosmos2.5_0016,90,2,0.3555586338043213,0.873197615146637,534.7432250976562,312.6732482910156,596.5507202148438,382.7882995605469
Cosmos2.5_0016,90,3,0.14277629554271698,0.8567517995834351,520.201171875,298.72564697265625,612.190673828125,393.96856689453125
Cosmos2.5_0016,92,1,0.5691589117050171,0.9305161833763123,699.3355102539062,289.34259033203125,748.6130981445312,363.02850341796875
Cosmos2.5_0016,92,2,0.3517017960548401,0.8786731958389282,533.75146484375,313.0404052734375,595.36865234375,382.9757080078125
Cosmos2.5_0016,92,3,0.13968579471111298,0.8459675908088684,519.1737060546875,298.8878173828125,611.0736083984375,394.342041015625
Cosmos3_seed101_0003,0,1,0.644767701625824,0.9835569858551025,500.45904541015625,402.11761474609375,536.2800903320312,439.89215087890625
Cosmos3_seed101_0003,0,2,0.1952444314956665,0.5737397074699402,3.09271240234375,258.50604248046875,986.7020874023438,716.759033203125
Cosmos3_seed101_0003,0,3,0.17103880643844604,0.5613222122192383,436.59912109375,175.32818603515625,593.99853515625,371.9293212890625
Cosmos3_seed101_0003,0,4,0.12032021582126617,0.4560769200325012,671.0316162109375,0.823577880859375,1279.0831298828125,715.3990478515625
Cosmos3_seed101_0003,0,5,0.11728397756814957,0.655956506729126,1079.0887451171875,540.6866455078125,1129.6107177734375,595.2581787109375
Cosmos3_seed101_0003,3,1,0.666580319404602,0.9881759881973267,500.3947448730469,402.4346923828125,536.2755126953125,439.8072509765625
Cosmos3_seed101_0003,3,2,0.18346188962459564,0.5890100598335266,2.859222412109375,257.66021728515625,987.6590576171875,716.9647827148438
Cosmos3_seed101_0003,3,3,0.1592688411474228,0.5598399043083191,436.4615783691406,175.3195037841797,594.171875,372.11151123046875
Cosmos3_seed101_0003,3,4,0.10852228850126266,0.46386241912841797,670.6011962890625,0.584808349609375,1278.9310302734375,715.4486083984375
Cosmos3_seed101_0003,3,5,0.10340218991041183,0.6172686219215393,1079.8333740234375,540.2540283203125,1129.5382080078125,594.4022216796875
Cosmos3_seed101_0003,6,1,0.6716439127922058,0.985902726650238,500.4694519042969,402.47796630859375,536.2727661132812,439.95068359375
Cosmos3_seed101_0003,6,2,0.18078000843524933,0.5930382013320923,2.7347412109375,257.93695068359375,986.0755615234375,716.7538452148438
Cosmos3_seed101_0003,6,3,0.16445320844650269,0.5545528531074524,436.3947448730469,175.0926513671875,594.4718017578125,372.1971435546875
Cosmos3_seed101_0003,6,4,0.10829674452543259,0.4624788761138916,670.658447265625,0.4437255859375,1279.0228271484375,715.10791015625
Cosmos3_seed101_0003,9,1,0.6650769114494324,0.9831904172897339,500.5020751953125,402.39056396484375,536.2454833984375,440.058349609375
Cosmos3_seed101_0003,9,2,0.19074974954128265,0.5920537710189819,2.5767822265625,256.3933410644531,986.5433959960938,717.0338134765625
Cosmos3_seed101_0003,9,3,0.1629626452922821,0.5525596141815186,436.49835205078125,175.24392700195312,594.1865844726562,372.2538757324219
Cosmos3_seed101_0003,9,4,0.11761929094791412,0.45105066895484924,663.9627685546875,0.701934814453125,1279.0352783203125,715.7333984375
Cosmos3_seed101_0003,12,1,0.655994176864624,0.9744834899902344,500.2879333496094,401.708251953125,536.1074829101562,439.76971435546875
Cosmos3_seed101_0003,12,2,0.1856752187013626,0.573721170425415,3.15625,257.14715576171875,991.1197509765625,716.8975219726562
Cosmos3_seed101_0003,12,3,0.1731773018836975,0.5618425011634827,436.445068359375,174.75656127929688,594.295654296875,371.6830139160156
Cosmos3_seed101_0003,12,4,0.10364726930856705,0.44268566370010376,648.6685791015625,0.496490478515625,1278.8179931640625,716.1881103515625
Cosmos3_seed101_0003,15,1,0.6634717583656311,0.9765691757202148,500.4823913574219,402.03717041015625,536.2686157226562,439.70648193359375
Cosmos3_seed101_0003,15,2,0.16759973764419556,0.5808577537536621,3.1219482421875,258.4024963378906,990.239990234375,716.916259765625
Cosmos3_seed101_0003,15,3,0.15816029906272888,0.5691735148429871,436.7447509765625,174.9851837158203,594.5694580078125,371.71063232421875
Cosmos3_seed101_0003,15,4,0.10918426513671875,0.43282580375671387,633.8529052734375,0.31298828125,1278.967529296875,715.795654296875
Cosmos3_seed101_0003,18,1,0.6830011606216431,0.9777166247367859,500.4411315917969,402.5135498046875,536.3016967773438,439.634765625
Cosmos3_seed101_0003,18,2,0.14758284389972687,0.559231162071228,436.5336608886719,175.11935424804688,594.1757202148438,371.9855041503906
Cosmos3_seed101_0003,18,3,0.14574457705020905,0.5746719837188721,2.28411865234375,266.84051513671875,989.3182983398438,717.473388671875
Cosmos3_seed101_0003,18,4,0.11575210839509964,0.42806440591812134,602.1171875,1.2122802734375,1278.8525390625,715.1951904296875
Cosmos3_seed101_0003,18,5,0.1006174311041832,0.574062705039978,1076.4378662109375,544.3026733398438,1230.4610595703125,634.7982788085938
Cosmos3_seed101_0003,21,1,0.6700562238693237,0.9789789915084839,500.4421691894531,401.88677978515625,536.287109375,439.63983154296875
Cosmos3_seed101_0003,21,2,0.15059958398342133,0.5555882453918457,2.32257080078125,284.9093017578125,991.3811645507812,716.9682006835938
Cosmos3_seed101_0003,21,3,0.14823530614376068,0.567650556564331,436.4853515625,174.91961669921875,594.181640625,371.66827392578125
Cosmos3_seed101_0003,21,4,0.13559623062610626,0.44044142961502075,576.723876953125,20.376190185546875,1242.21240234375,713.538818359375
Cosmos3_seed101_0003,21,5,0.11037400364875793,0.5744788646697998,1077.1368408203125,543.8189086914062,1230.4007568359375,635.0358276367188
Cosmos3_seed101_0003,24,1,0.6463056206703186,0.9809058904647827,500.57086181640625,402.5049133300781,536.2223510742188,440.1760559082031
Cosmos3_seed101_0003,24,2,0.1562141329050064,0.555544376373291,1.961273193359375,284.8600158691406,992.89892578125,716.6815185546875
Cosmos3_seed101_0003,24,3,0.1532745510339737,0.441568523645401,569.9912719726562,43.337982177734375,1193.402587890625,713.712890625
Cosmos3_seed101_0003,24,4,0.139685720205307,0.5700526237487793,1076.987548828125,545.265625,1230.51318359375,635.1829833984375
Cosmos3_seed101_0003,24,5,0.13842462003231049,0.5425980687141418,436.69830322265625,175.28781127929688,594.2455444335938,371.9452209472656
Cosmos3_seed101_0003,27,1,0.641701877117157,0.9714318513870239,500.42181396484375,401.24505615234375,536.4985961914062,439.69842529296875
Cosmos3_seed101_0003,27,2,0.16653557121753693,0.5576537251472473,1.928802490234375,292.9677734375,989.5574951171875,716.65087890625
Cosmos3_seed101_0003,27,3,0.14092731475830078,0.4708261787891388,518.5965576171875,65.1829833984375,1166.4005126953125,712.930908203125
Cosmos3_seed101_0003,27,4,0.13698981702327728,0.602984607219696,1079.6917724609375,525.6867065429688,1133.6942138671875,586.0294799804688
Cosmos3_seed101_0003,27,5,0.12662959098815918,0.542273759841919,436.3971862792969,174.68695068359375,593.331298828125,371.3594970703125
Cosmos3_seed101_0003,27,6,0.10655006021261215,0.46737056970596313,964.6316528320312,466.5196533203125,1133.679931640625,613.5189208984375
Cosmos3_seed101_0003,30,1,0.634742259979248,0.975722074508667,500.63482666015625,401.357421875,536.8617553710938,439.63116455078125
Cosmos3_seed101_0003,30,2,0.16071152687072754,0.5436992049217224,1.882537841796875,294.34814453125,988.890869140625,716.4149169921875
Cosmos3_seed101_0003,30,3,0.14971448481082916,0.6390115022659302,1080.6541748046875,540.7650756835938,1132.9266357421875,585.7230834960938
Cosmos3_seed101_0003,30,4,0.14176996052265167,0.462113618850708,501.07623291015625,83.53924560546875,1169.23291015625,713.5906372070312
Cosmos3_seed101_0003,30,5,0.13807536661624908,0.6106692552566528,1070.4781494140625,539.864501953125,1134.2152099609375,614.79736328125
Cosmos3_seed101_0003,30,6,0.13339436054229736,0.5242704153060913,436.6932373046875,174.24395751953125,588.06201171875,371.4014892578125
Cosmos3_seed101_0003,30,7,0.12577371299266815,0.46070626378059387,963.9071044921875,466.7396240234375,1133.8843994140625,613.510986328125
Cosmos3_seed101_0003,33,1,0.6034863591194153,0.9715049266815186,500.5914001464844,401.44805908203125,536.7720336914062,439.62799072265625
Cosmos3_seed101_0003,33,2,0.17563693225383759,0.6476720571517944,1079.9283447265625,542.0506591796875,1132.7677001953125,586.210693359375
Cosmos3_seed101_0003,33,3,0.1728397160768509,0.4658145308494568,488.6938171386719,96.80398559570312,1170.752197265625,713.84375
Cosmos3_seed101_0003,33,4,0.13967639207839966,0.5485039949417114,1.9595947265625,294.89483642578125,991.3409423828125,716.2217407226562
Cosmos3_seed101_0003,33,5,0.13329973816871643,0.5021308064460754,436.85797119140625,174.66232299804688,585.7070922851562,370.8025817871094
Cosmos3_seed101_0003,33,6,0.1254698783159256,0.47687849402427673,964.8858642578125,466.7382507324219,1133.3968505859375,613.492919921875
Cosmos3_seed101_0003,33,7,0.1055065467953682,0.575299859046936,1073.7672119140625,541.7631225585938,1229.9764404296875,634.4619750976562
Cosmos3_seed101_0003,36,1,0.5748650431632996,0.9737381935119629,500.4527282714844,401.4087829589844,536.5811157226562,439.6584777832031
Cosmos3_seed101_0003,36,2,0.21351797878742218,0.6645268201828003,1079.2928466796875,541.77197265625,1132.4803466796875,585.9432373046875
Cosmos3_seed101_0003,36,3,0.18606069684028625,0.46452465653419495,478.493408203125,103.79119873046875,1171.467041015625,714.1153564453125
Cosmos3_seed101_0003,36,4,0.1560102105140686,0.5453925728797913,1.89813232421875,296.01123046875,990.2907104492188,716.0337524414062
Cosmos3_seed101_0003,36,5,0.14591655135154724,0.5230883955955505,436.79022216796875,174.61273193359375,589.9159545898438,370.329833984375
Cosmos3_seed101_0003,36,6,0.12988059222698212,0.46090561151504517,964.524658203125,466.43194580078125,1133.22216796875,612.8023071289062
Cosmos3_seed101_0003,36,7,0.12829451262950897,0.5772486329078674,1074.392333984375,540.8980712890625,1229.71826171875,632.5728759765625
Cosmos3_seed101_0003,39,1,0.5448557138442993,0.9685035347938538,500.41650390625,401.03338623046875,536.7552490234375,439.4908447265625
Cosmos3_seed101_0003,39,2,0.19986003637313843,0.6615414619445801,1079.10986328125,541.7586669921875,1131.882568359375,585.9871826171875
Cosmos3_seed101_0003,39,3,0.19289739429950714,0.470016211271286,475.76776123046875,113.54464721679688,1171.843994140625,714.488525390625
Cosmos3_seed101_0003,39,4,0.16361531615257263,0.497139036655426,436.38360595703125,175.13058471679688,594.4968872070312,370.5327453613281
Cosmos3_seed101_0003,39,5,0.15061597526073456,0.5507183074951172,1.822113037109375,298.1239013671875,989.991943359375,716.0386962890625
Cosmos3_seed101_0003,39,6,0.1482895314693451,0.4733959436416626,967.1146240234375,466.2326354980469,1132.7135009765625,611.94970703125
Cosmos3_seed101_0003,39,7,0.13471941649913788,0.5709131956100464,1074.476806640625,541.1561889648438,1229.72607421875,632.9872436523438
Cosmos3_seed101_0003,42,1,0.4976402223110199,0.9614279270172119,500.3726806640625,401.0274658203125,536.7281494140625,439.42730712890625
Cosmos3_seed101_0003,42,2,0.2173290252685547,0.6316162943840027,1079.060302734375,541.4178466796875,1132.424560546875,586.0406494140625
Cosmos3_seed101_0003,42,3,0.21730385720729828,0.48346734046936035,966.0812377929688,465.9727783203125,1133.252685546875,613.1583251953125
Cosmos3_seed101_0003,42,4,0.21502996981143951,0.45883047580718994,474.7803649902344,123.04620361328125,1172.51318359375,714.64501953125
Cosmos3_seed101_0003,42,5,0.18066485226154327,0.4919164776802063,436.34844970703125,174.78567504882812,595.0147094726562,369.2671203613281
Cosmos3_seed101_0003,42,6,0.15675467252731323,0.575520396232605,1074.63818359375,540.4970092773438,1229.744873046875,632.9910278320312
Cosmos3_seed101_0003,42,7,0.1522015780210495,0.5228032469749451,2.10479736328125,299.9150085449219,988.371826171875,716.1182861328125
Cosmos3_seed101_0003,42,8,0.10105127841234207,0.4815860390663147,920.8184814453125,465.87847900390625,1124.9915771484375,715.4170532226562
Cosmos3_seed101_0003,45,1,0.4739440083503723,0.9371205568313599,500.2395935058594,401.09765625,537.0883178710938,439.788330078125
Cosmos3_seed101_0003,45,2,0.25427114963531494,0.639462947845459,1079.2686767578125,541.6118774414062,1132.5579833984375,586.5327758789062
Cosmos3_seed101_0003,45,3,0.22459262609481812,0.4573580026626587,474.8439636230469,132.4239501953125,1173.1492919921875,714.882080078125
Cosmos3_seed101_0003,45,4,0.20464475452899933,0.47190573811531067,436.51922607421875,174.69577026367188,594.5990600585938,369.0443420410156
Cosmos3_seed101_0003,45,5,0.2019960880279541,0.47797876596450806,966.620361328125,465.5062255859375,1133.037841796875,611.2967529296875
Cosmos3_seed101_0003,45,6,0.16093730926513672,0.5043513774871826,2.2435302734375,297.1753234863281,986.7347412109375,716.2462158203125
Cosmos3_seed101_0003,45,7,0.15779080986976624,0.5620735883712769,1075.202880859375,540.477294921875,1229.876708984375,634.4110107421875
Cosmos3_seed101_0003,45,8,0.1081404760479927,0.4777812361717224,921.0781860351562,465.29034423828125,1125.4541015625,715.3796997070312
Cosmos3_seed101_0003,48,1,0.396342396736145,0.8800025582313538,499.95916748046875,403.1029968261719,536.4805297851562,440.1864318847656
Cosmos3_seed101_0003,48,2,0.24546539783477783,0.65483558177948,1079.2205810546875,540.5210571289062,1133.0772705078125,586.7249145507812
Cosmos3_seed101_0003,48,3,0.2319578230381012,0.45421767234802246,466.91986083984375,140.24020385742188,1174.565185546875,715.278076171875
Cosmos3_seed101_0003,48,4,0.2164141684770584,0.48889970779418945,436.7895202636719,174.94784545898438,594.2394409179688,360.6114196777344
Cosmos3_seed101_0003,48,5,0.19956563413143158,0.4681333303451538,965.0083618164062,465.74169921875,1133.6920166015625,612.5133056640625
Cosmos3_seed101_0003,48,6,0.186792254447937,0.5780274868011475,1074.9637451171875,539.9852905273438,1229.5977783203125,634.5232543945312
Cosmos3_seed101_0003,48,7,0.1425185352563858,0.5142329335212708,2.79840087890625,291.2987060546875,987.7920532226562,716.0153198242188
Cosmos3_seed101_0003,48,8,0.11610601842403412,0.47413384914398193,919.8045043945312,464.5903625488281,1125.9652099609375,715.8190307617188
Cosmos3_seed101_0003,48,9,0.10977981984615326,0.4534357488155365,467.83306884765625,140.8022918701172,856.1720581054688,438.82012939453125
Cosmos3_seed101_0003,48,10,0.10973307490348816,0.5249264240264893,921.4171752929688,686.6695556640625,1065.6578369140625,718.2879638671875
Cosmos3_seed101_0003,51,1,0.3483121693134308,0.7699435949325562,499.1997375488281,404.64300537109375,532.48193359375,440.63665771484375
Cosmos3_seed101_0003,51,2,0.2693389356136322,0.6673750877380371,1079.0145263671875,541.4177856445312,1133.0416259765625,586.5678100585938
Cosmos3_seed101_0003,51,3,0.24370673298835754,0.4868822693824768,967.075927734375,465.90771484375,1133.021728515625,588.246826171875
Cosmos3_seed101_0003,51,4,0.2366531491279602,0.43917155265808105,456.0568542480469,143.22348022460938,1176.72216796875,714.8829345703125
Cosmos3_seed101_0003,51,5,0.2175709754228592,0.505768895149231,436.81298828125,174.761474609375,594.351318359375,356.16748046875
Cosmos3_seed101_0003,51,6,0.1833004653453827,0.5691848397254944,1077.127685546875,540.3482055664062,1229.810302734375,634.5695190429688
Cosmos3_seed101_0003,51,7,0.16123038530349731,0.4831886887550354,2.64788818359375,267.726318359375,989.2168579101562,715.8870239257812
Cosmos3_seed101_0003,51,8,0.15306143462657928,0.40950316190719604,966.4646606445312,464.27667236328125,1228.169921875,635.0359497070312
Cosmos3_seed101_0003,51,9,0.12375481426715851,0.4727602005004883,921.6486206054688,464.9931335449219,1124.88232421875,715.3362426757812
Cosmos3_seed101_0003,51,10,0.10513810813426971,0.5148921608924866,921.7396850585938,686.9691162109375,1066.0474853515625,718.1136474609375
Cosmos3_seed101_0003,51,11,0.10286138951778412,0.5500504374504089,1143.4814453125,656.1536865234375,1260.730224609375,718.173095703125
Cosmos3_seed101_0003,54,1,0.3602890968322754,0.7037636041641235,498.4610595703125,408.0929260253906,526.7420654296875,440.9349060058594
Cosmos3_seed101_0003,54,2,0.2501562237739563,0.4424363672733307,449.86181640625,146.565673828125,1177.8311767578125,715.1854248046875
Cosmos3_seed101_0003,54,3,0.23629248142242432,0.6410118937492371,1078.8857421875,541.0358276367188,1132.51123046875,586.7931518554688
Cosmos3_seed101_0003,54,4,0.22232097387313843,0.4741881191730499,966.8129272460938,465.9251403808594,1133.3084716796875,613.0908203125
Cosmos3_seed101_0003,54,5,0.20586733520030975,0.5165491104125977,436.82403564453125,175.08177185058594,594.1874389648438,355.122314453125
Cosmos3_seed101_0003,54,6,0.19027918577194214,0.5641765594482422,1074.241943359375,539.5995483398438,1229.6494140625,636.1698608398438
Cosmos3_seed101_0003,54,7,0.16485971212387085,0.4924919009208679,2.736846923828125,270.08221435546875,992.20263671875,715.7696533203125
Cosmos3_seed101_0003,54,8,0.11910852789878845,0.46566927433013916,918.9806518554688,465.15185546875,1124.37158203125,715.386962890625
Cosmos3_seed101_0003,54,9,0.11070551723241806,0.5717160105705261,1144.5128173828125,560.4835205078125,1205.5369873046875,601.496337890625
Cosmos3_seed101_0003,54,10,0.11016634106636047,0.5373488664627075,1142.9766845703125,656.3447265625,1260.7762451171875,718.286376953125
Cosmos3_seed101_0003,54,11,0.10438933223485947,0.5149161219596863,921.7693481445312,686.7318725585938,1065.4638671875,718.0402221679688
Cosmos3_seed101_0003,54,12,0.10132373124361038,0.6787556409835815,487.78741455078125,398.3997802734375,539.0433959960938,451.5908203125
Cosmos3_seed101_0003,57,1,0.3487505316734314,0.7289893627166748,498.3554382324219,408.9189453125,525.9660034179688,440.335693359375
Cosmos3_seed101_0003,57,2,0.24039195477962494,0.443942129611969,447.1139831542969,149.39144897460938,1178.4232177734375,715.475341796875
Cosmos3_seed101_0003,57,3,0.24006278812885284,0.4745248258113861,965.2601928710938,465.8843688964844,1132.56787109375,614.0948486328125
Cosmos3_seed101_0003,57,4,0.22303380072116852,0.6461067795753479,1079.3167724609375,540.5924072265625,1131.9854736328125,586.3494873046875
Cosmos3_seed101_0003,57,5,0.21101781725883484,0.47825631499290466,437.01373291015625,175.1704864501953,594.2776489257812,354.97113037109375
Cosmos3_seed101_0003,57,6,0.19239488244056702,0.5667306184768677,1074.522216796875,539.1751708984375,1229.54638671875,635.0194091796875
Cosmos3_seed101_0003,57,7,0.17265312373638153,0.4678712487220764,2.664886474609375,263.9206848144531,991.9293212890625,715.7613525390625
Cosmos3_seed101_0003,57,8,0.13800404965877533,0.4661725163459778,920.0592041015625,464.68310546875,1125.2689208984375,715.44677734375
Cosmos3_seed101_0003,57,9,0.12402933835983276,0.5755254030227661,1141.683349609375,560.6202392578125,1205.540283203125,601.770751953125
Cosmos3_seed101_0003,57,10,0.11576540768146515,0.5300939083099365,1142.7359619140625,656.382080078125,1260.1248779296875,718.3250732421875
Cosmos3_seed101_0003,57,11,0.10764744132757187,0.5168994665145874,921.8389892578125,686.8734741210938,1066.736572265625,718.1780395507812
Cosmos3_seed101_0003,60,1,0.30905264616012573,0.7577019929885864,498.3409423828125,408.3675231933594,529.8062744140625,440.5291442871094
Cosmos3_seed101_0003,60,2,0.28470903635025024,0.48000192642211914,965.06103515625,465.741455078125,1132.82373046875,613.9151611328125
Cosmos3_seed101_0003,60,3,0.25002309679985046,0.622292160987854,1071.22900390625,540.156982421875,1133.060791015625,614.4637451171875
Cosmos3_seed101_0003,60,4,0.232330322265625,0.4499862790107727,449.3255310058594,150.63626098632812,1177.9476318359375,715.0882568359375
Cosmos3_seed101_0003,60,5,0.216607004404068,0.5062160491943359,436.8450012207031,174.94192504882812,594.341064453125,355.9688415527344
Cosmos3_seed101_0003,60,6,0.19479992985725403,0.5612199902534485,1074.44921875,539.0982055664062,1229.7568359375,634.9492797851562
Cosmos3_seed101_0003,60,7,0.15924732387065887,0.4646565318107605,2.478607177734375,263.1039123535156,991.869140625,715.684326171875
Cosmos3_seed101_0003,60,8,0.12994864583015442,0.47049129009246826,919.4307861328125,465.091064453125,1125.1580810546875,715.6085205078125
Cosmos3_seed101_0003,60,9,0.12666462361812592,0.5417572259902954,1143.2421875,656.4059448242188,1259.349365234375,718.2785034179688
Cosmos3_seed101_0003,60,10,0.10654103010892868,0.5057418346405029,921.9796752929688,687.2544555664062,1065.964599609375,718.2792358398438
Cosmos3_seed101_0003,60,11,0.10352833569049835,0.5588455200195312,1141.87939453125,559.9051513671875,1205.967041015625,602.7391357421875
Cosmos3_seed101_0003,63,1,0.3234054446220398,0.7592676877975464,498.5677490234375,407.9763488769531,534.656005859375,440.6430969238281
Cosmos3_seed101_0003,63,2,0.2674407362937927,0.4593961536884308,965.0719604492188,465.8272705078125,1133.292236328125,613.747314453125
Cosmos3_seed101_0003,63,3,0.2638041079044342,0.44901975989341736,452.70904541015625,153.0833740234375,1177.707275390625,714.7647705078125
Cosmos3_seed101_0003,63,4,0.23874805867671967,0.6311460137367249,1070.9244384765625,539.9405517578125,1133.1912841796875,613.9122314453125
Cosmos3_seed101_0003,63,5,0.22144590318202972,0.4917672872543335,437.07061767578125,174.36605834960938,594.2623901367188,357.5057067871094
Cosmos3_seed101_0003,63,6,0.20160123705863953,0.5618302822113037,1073.8209228515625,539.2684936523438,1229.5028076171875,633.6852416992188
Cosmos3_seed101_0003,63,7,0.14511944353580475,0.49898654222488403,2.799530029296875,269.6596374511719,991.7918701171875,715.6416015625
Cosmos3_seed101_0003,63,8,0.1218557134270668,0.4655512869358063,920.2232666015625,464.91363525390625,1126.0531005859375,715.0039672851562
Cosmos3_seed101_0003,63,9,0.10438833385705948,0.5423921346664429,1142.6514892578125,656.1665649414062,1262.7313232421875,718.2594604492188
Cosmos3_seed101_0003,63,10,0.10380283743143082,0.5082682371139526,921.86474609375,686.701171875,1066.311767578125,718.138671875
Cosmos3_seed101_0003,63,11,0.10073626786470413,0.5527179837226868,1144.856689453125,560.6559448242188,1205.121826171875,601.9848022460938
Cosmos3_seed101_0003,66,1,0.3517635464668274,0.7660213708877563,500.154052734375,408.76348876953125,536.9085693359375,441.0401611328125
Cosmos3_seed101_0003,66,2,0.25329452753067017,0.4559997618198395,966.6563720703125,466.01324462890625,1132.8482666015625,613.1734008789062
Cosmos3_seed101_0003,66,3,0.2437625676393509,0.6230329871177673,1070.910400390625,539.4703369140625,1132.8828125,613.9482421875
Cosmos3_seed101_0003,66,4,0.24094989895820618,0.4478277564048767,457.55743408203125,155.60205078125,1176.617919921875,714.8551025390625
Cosmos3_seed101_0003,66,5,0.21457482874393463,0.5577969551086426,1073.8997802734375,539.0219116210938,1229.2926025390625,634.1504516601562
Cosmos3_seed101_0003,66,6,0.19237789511680603,0.48127710819244385,437.13397216796875,174.64566040039062,594.3954467773438,360.7861633300781
Cosmos3_seed101_0003,66,7,0.14158141613006592,0.48668044805526733,2.859405517578125,271.06597900390625,991.3095703125,715.8049926757812
Cosmos3_seed101_0003,66,8,0.12267177551984787,0.47031277418136597,918.9509887695312,465.4242858886719,1126.5726318359375,715.1292724609375
Cosmos3_seed101_0003,66,9,0.10704269260168076,0.5151069164276123,921.9351806640625,686.5501708984375,1065.7218017578125,718.1260986328125
Cosmos3_seed101_0003,66,10,0.10546452552080154,0.6121648550033569,460.7527160644531,349.2928161621094,541.4925537109375,440.7239685058594
Cosmos3_seed101_0003,66,11,0.10458865761756897,0.5502561330795288,1142.4925537109375,656.027587890625,1258.7427978515625,718.3177490234375
Cosmos3_seed101_0003,66,12,0.10209603607654572,0.560661792755127,1144.6702880859375,560.4076538085938,1205.5550537109375,602.1162719726562
Cosmos3_seed101_0003,69,1,0.31665632128715515,0.7580445408821106,501.6269226074219,413.42987060546875,534.7000122070312,442.48138427734375
Cosmos3_seed101_0003,69,2,0.26113635301589966,0.47697877883911133,965.6798095703125,466.3372802734375,1132.8563232421875,614.005126953125
Cosmos3_seed101_0003,69,3,0.2385927140712738,0.4451328217983246,455.189208984375,157.58462524414062,1177.108642578125,714.6943359375
Cosmos3_seed101_0003,69,4,0.23720696568489075,0.6049422025680542,1071.373779296875,539.940673828125,1132.9892578125,614.69580078125
Cosmos3_seed101_0003,69,5,0.2313457429409027,0.574417233467102,1075.232421875,539.6256103515625,1229.8251953125,635.0638427734375
Cosmos3_seed101_0003,69,6,0.22680234909057617,0.4966840147972107,437.2012634277344,175.1065673828125,594.4912109375,363.23590087890625
Cosmos3_seed101_0003,69,7,0.1470702737569809,0.4674884080886841,2.858642578125,267.11676025390625,989.9403076171875,715.7550659179688
Cosmos3_seed101_0003,69,8,0.12480931729078293,0.41204166412353516,460.2532958984375,157.93280029296875,938.6368408203125,440.5321044921875
Cosmos3_seed101_0003,69,9,0.12050174176692963,0.4674145579338074,920.0490112304688,465.80572509765625,1125.670654296875,715.1880493164062
Cosmos3_seed101_0003,69,10,0.11355773359537125,0.5001769065856934,922.1796875,687.0531005859375,1067.25634765625,718.203857421875
Cosmos3_seed101_0003,69,11,0.11109425127506256,0.5563275218009949,1143.4140625,656.0376586914062,1259.885498046875,718.2853393554688
Cosmos3_seed101_0003,69,12,0.10639090836048126,0.46270549297332764,821.3362426757812,175.28549194335938,1176.4931640625,713.4932861328125
Cosmos3_seed101_0003,72,1,0.2952619194984436,0.7514023780822754,501.7357482910156,414.4797058105469,532.1267700195312,442.3789367675781
Cosmos3_seed101_0003,72,2,0.27016720175743103,0.47612935304641724,964.0026245117188,465.8352966308594,1133.747802734375,613.168212890625
Cosmos3_seed101_0003,72,3,0.2515605688095093,0.6308174729347229,1071.7921142578125,539.7902221679688,1133.8780517578125,614.8305053710938
Cosmos3_seed101_0003,72,4,0.23467466235160828,0.520355224609375,437.25372314453125,174.69937133789062,594.3602905273438,362.7573547363281
Cosmos3_seed101_0003,72,5,0.2189681977033615,0.44685661792755127,454.0377197265625,157.36419677734375,1177.0408935546875,714.58349609375
Cosmos3_seed101_0003,72,6,0.21806876361370087,0.5767978429794312,1074.9971923828125,539.38720703125,1229.7430419921875,634.679931640625
Cosmos3_seed101_0003,72,7,0.15057404339313507,0.4672790467739105,3.068572998046875,262.095458984375,993.076171875,715.940673828125
Cosmos3_seed101_0003,72,8,0.14086176455020905,0.45222848653793335,918.5452880859375,464.7770690917969,1125.2718505859375,715.048828125
Cosmos3_seed101_0003,72,9,0.12142443656921387,0.4137888252735138,459.43084716796875,157.8426513671875,939.5089721679688,439.17486572265625
Cosmos3_seed101_0003,72,10,0.11810217052698135,0.530967116355896,1142.515380859375,656.1969604492188,1256.534423828125,718.2055053710938
Cosmos3_seed101_0003,72,11,0.11544627696275711,0.5179356336593628,921.880615234375,686.4955444335938,1067.20654296875,718.1282348632812
Cosmos3_seed101_0003,72,12,0.1080472394824028,0.46245527267456055,821.2628784179688,175.12472534179688,1176.658447265625,713.6070556640625
Cosmos3_seed101_0003,75,1,0.30105170607566833,0.48259711265563965,964.907470703125,466.2181396484375,1133.685302734375,613.9552001953125
Cosmos3_seed101_0003,75,2,0.2771493196487427,0.7262214422225952,501.0472412109375,411.1326599121094,531.115966796875,441.9096374511719
Cosmos3_seed101_0003,75,3,0.2528318762779236,0.44796401262283325,457.1443176269531,155.5667724609375,1176.68505859375,714.4337158203125
Cosmos3_seed101_0003,75,4,0.24921858310699463,0.630780041217804,1071.164306640625,539.8370361328125,1133.638427734375,614.2540283203125
Cosmos3_seed101_0003,75,5,0.22932465374469757,0.5764108896255493,1074.4156494140625,539.5677490234375,1228.9320068359375,633.8209228515625
Cosmos3_seed101_0003,75,6,0.2079637348651886,0.5114191770553589,437.09619140625,174.2744140625,594.2928466796875,361.2740478515625
Cosmos3_seed101_0003,75,7,0.1411275714635849,0.4633643627166748,2.9140625,260.32379150390625,992.487060546875,715.6829833984375
Cosmos3_seed101_0003,75,8,0.12341967225074768,0.4719492793083191,921.9705200195312,465.50274658203125,1127.0771484375,714.4270629882812
Cosmos3_seed101_0003,75,9,0.1220593973994255,0.6708115339279175,500.07855224609375,399.53387451171875,561.3418579101562,443.66998291015625
Cosmos3_seed101_0003,75,10,0.1082729771733284,0.5567716360092163,1142.2042236328125,656.39306640625,1257.8175048828125,718.1585693359375
Cosmos3_seed101_0003,78,1,0.31988903880119324,0.7021965384483337,502.681396484375,404.62945556640625,531.275634765625,436.36065673828125
Cosmos3_seed101_0003,78,2,0.25429609417915344,0.44886064529418945,453.7841796875,150.474609375,1177.7935791015625,715.016845703125
Cosmos3_seed101_0003,78,3,0.24951094388961792,0.4730268120765686,964.3584594726562,466.33160400390625,1133.63134765625,611.9714965820312
Cosmos3_seed101_0003,78,4,0.22773589193820953,0.4912002682685852,437.406005859375,174.701171875,594.55615234375,356.71514892578125
Cosmos3_seed101_0003,78,5,0.22287578880786896,0.6548642516136169,1078.8858642578125,540.9605102539062,1132.6561279296875,587.9910278320312
Cosmos3_seed101_0003,78,6,0.1965191662311554,0.592461347579956,1076.0513916015625,540.8987426757812,1230.1109619140625,634.2793579101562
Cosmos3_seed101_0003,78,7,0.16899551451206207,0.4893980920314789,3.113311767578125,266.59368896484375,991.5494384765625,715.9801635742188
Cosmos3_seed101_0003,78,8,0.15481595695018768,0.6691039204597473,500.19354248046875,397.73150634765625,556.7153930664062,438.95147705078125
Cosmos3_seed101_0003,78,9,0.1304769366979599,0.4478030204772949,919.5173950195312,465.1611328125,1127.07373046875,715.201171875
Cosmos3_seed101_0003,78,10,0.11632464826107025,0.5151126384735107,921.8154907226562,686.9598999023438,1066.904541015625,718.1842651367188
Cosmos3_seed101_0003,78,11,0.10947153717279434,0.5433543920516968,1142.6107177734375,656.3184814453125,1261.9810791015625,718.2109375
Cosmos3_seed101_0003,78,12,0.10566744953393936,0.4580680727958679,824.9661254882812,170.57440185546875,1177.1376953125,527.3971557617188
Cosmos3_seed101_0003,81,1,0.3223801851272583,0.7107683420181274,509.78155517578125,387.39385986328125,535.2158813476562,419.95867919921875
Cosmos3_seed101_0003,81,2,0.2585577368736267,0.46512359380722046,964.2675170898438,466.7525634765625,1133.461669921875,614.6685791015625
Cosmos3_seed101_0003,81,3,0.25186774134635925,0.4485662281513214,461.91094970703125,136.89569091796875,1178.452880859375,715.1371459960938
Cosmos3_seed101_0003,81,4,0.22844848036766052,0.632408857345581,1072.4625244140625,541.5037841796875,1133.5003662109375,615.562255859375
Cosmos3_seed101_0003,81,5,0.2270347774028778,0.4406307637691498,436.96832275390625,175.35743713378906,594.5402221679688,367.05731201171875
Cosmos3_seed101_0003,81,6,0.20746177434921265,0.5879355072975159,1122.744384765625,546.8204956054688,1231.041259765625,633.7938842773438
Cosmos3_seed101_0003,81,7,0.1520988941192627,0.4777110815048218,2.45404052734375,291.70098876953125,993.6589965820312,716.3372192382812
Cosmos3_seed101_0003,81,8,0.14630457758903503,0.5176202058792114,922.3516235351562,686.8926391601562,1067.3837890625,718.2056274414062
Cosmos3_seed101_0003,81,9,0.1451253890991211,0.5542080402374268,1143.5228271484375,656.6058959960938,1254.2659912109375,718.2847290039062
Cosmos3_seed101_0003,81,10,0.13358691334724426,0.4373372197151184,919.2942504882812,465.8348693847656,1127.89453125,714.4705810546875
Cosmos3_seed101_0003,81,11,0.12871333956718445,0.6707468032836914,508.1009521484375,380.52978515625,563.9398193359375,421.79620361328125
Cosmos3_seed101_0003,81,12,0.10140497982501984,0.5443230867385864,959.1859130859375,466.3894958496094,991.837646484375,567.1806030273438
Cosmos3_seed101_0003,84,1,0.37126702070236206,0.681175708770752,528.543701171875,354.0661926269531,556.8428955078125,386.9328308105469
Cosmos3_seed101_0003,84,2,0.2811090052127838,0.4426274299621582,485.3839111328125,110.27880859375,1178.115234375,714.7298583984375
Cosmos3_seed101_0003,84,3,0.2631390690803528,0.5543509721755981,436.76953125,174.90689086914062,576.9712524414062,371.8011779785156
Cosmos3_seed101_0003,84,4,0.23007933795452118,0.7044522166252136,1078.434326171875,544.547607421875,1132.716796875,588.364501953125
Cosmos3_seed101_0003,84,5,0.19059671461582184,0.5859134197235107,1121.683837890625,546.7130126953125,1229.929443359375,633.17626953125
Cosmos3_seed101_0003,84,6,0.18985682725906372,0.49060821533203125,964.985595703125,466.0916748046875,1133.067626953125,610.288818359375
Cosmos3_seed101_0003,84,7,0.16223561763763428,0.505882203578949,2.5745849609375,290.48406982421875,988.8154296875,716.5848999023438
Cosmos3_seed101_0003,84,8,0.11953959614038467,0.505894660949707,921.3197021484375,687.0510864257812,1066.2509765625,718.2754516601562
Cosmos3_seed101_0003,84,9,0.11870267987251282,0.5429520606994629,1142.5106201171875,657.0166015625,1256.5716552734375,718.103515625
Cosmos3_seed101_0003,87,1,0.32313108444213867,0.6749579906463623,559.3756713867188,322.8782958984375,590.1660766601562,354.81121826171875
Cosmos3_seed101_0003,87,2,0.278071790933609,0.4332231283187866,521.7181396484375,84.71987915039062,1172.9229736328125,714.0692138671875
Cosmos3_seed101_0003,87,3,0.25602778792381287,0.4405074119567871,965.2744750976562,467.1596984863281,1133.922607421875,612.5340576171875
Cosmos3_seed101_0003,87,4,0.24745088815689087,0.5346870422363281,436.65899658203125,174.85873413085938,587.0492553710938,372.0901184082031
Cosmos3_seed101_0003,87,5,0.20673015713691711,0.628867506980896,1071.4991455078125,545.31640625,1133.9046630859375,613.5753173828125
Cosmos3_seed101_0003,87,6,0.19534458220005035,0.5812549591064453,1123.9832763671875,547.28369140625,1230.4337158203125,633.11328125
Cosmos3_seed101_0003,87,7,0.1583033949136734,0.48398154973983765,2.431549072265625,286.5833740234375,993.1165771484375,716.3346557617188
Cosmos3_seed101_0003,87,8,0.13748428225517273,0.5271456241607666,921.978759765625,687.2555541992188,1064.2431640625,718.2160034179688
Cosmos3_seed101_0003,87,9,0.12679070234298706,0.5297501087188721,1143.744873046875,656.8714599609375,1257.091064453125,718.1788330078125
Cosmos3_seed101_0003,87,10,0.119780994951725,0.5946376323699951,960.2252807617188,465.6804504394531,989.9317016601562,563.030517578125
Cosmos3_seed101_0003,87,11,0.11677242815494537,0.4433634281158447,921.2953491210938,466.33538818359375,1128.6983642578125,714.9115600585938
Cosmos3_seed101_0003,87,12,0.1050100028514862,0.5840291976928711,1141.9102783203125,559.7239379882812,1207.0179443359375,603.6190795898438
Cosmos3_seed101_0003,90,1,0.4004404842853546,0.7672635912895203,592.7197875976562,312.18597412109375,623.1876831054688,345.75091552734375
Cosmos3_seed101_0003,90,2,0.2736128568649292,0.5401468276977539,436.509765625,174.76190185546875,594.0435791015625,371.6607666015625
Cosmos3_seed101_0003,90,3,0.26341959834098816,0.4423903822898865,561.5547485351562,68.20611572265625,1169.290771484375,714.0640258789062
Cosmos3_seed101_0003,90,4,0.180603489279747,0.4242602288722992,964.5887451171875,466.2522888183594,1229.7308349609375,633.467529296875
Cosmos3_seed101_0003,90,5,0.1796870231628418,0.6092093586921692,1124.4041748046875,547.22216796875,1230.3336181640625,632.7139892578125
Cosmos3_seed101_0003,90,6,0.17630288004875183,0.49863213300704956,2.636688232421875,288.73797607421875,990.00732421875,716.885009765625
Cosmos3_seed101_0003,90,7,0.1559542417526245,0.668262243270874,1079.493896484375,545.2265625,1134.823974609375,588.25
Cosmos3_seed101_0003,90,8,0.12761777639389038,0.5039443969726562,921.5973510742188,686.9222412109375,1066.0709228515625,718.1962890625
Cosmos3_seed101_0003,90,9,0.11322122812271118,0.5724623203277588,959.611083984375,465.4849548339844,989.9903564453125,564.299560546875
Cosmos3_seed101_0003,90,10,0.11030130833387375,0.5028150081634521,1143.39453125,655.2053833007812,1257.202880859375,718.1936645507812
Cosmos3_seed101_0003,90,11,0.10788214951753616,0.5992453098297119,1141.6121826171875,559.1920776367188,1207.2386474609375,603.5137329101562
Cosmos3_seed101_0003,90,12,0.10267183184623718,0.5075118541717529,562.1262817382812,144.7998504638672,706.1542358398438,344.665771484375
Cosmos3_seed101_0003,93,1,0.41796576976776123,0.7399470210075378,615.766357421875,320.4744567871094,644.3653564453125,353.4573059082031
Cosmos3_seed101_0003,93,2,0.2921523451805115,0.5462263822555542,436.875244140625,174.8942413330078,593.851806640625,372.0875244140625
Cosmos3_seed101_0003,93,3,0.2614074945449829,0.4518279433250427,585.9481811523438,66.8580322265625,1168.21337890625,714.031005859375
Cosmos3_seed101_0003,93,4,0.18523181974887848,0.5024316310882568,2.69091796875,280.4976806640625,989.5723876953125,716.9054565429688
Cosmos3_seed101_0003,93,5,0.17895300686359406,0.5877079963684082,1075.02734375,544.79638671875,1230.753662109375,635.249267578125
Cosmos3_seed101_0003,93,6,0.1373814195394516,0.6382826566696167,1079.91015625,544.5664672851562,1133.776611328125,585.4755249023438
Cosmos3_seed101_0003,93,7,0.1361541450023651,0.4053458571434021,965.6166381835938,465.53948974609375,1230.203857421875,634.8657836914062
Cosmos3_seed101_0003,93,8,0.12834860384464264,0.5910485982894897,1070.645751953125,544.898681640625,1133.6630859375,615.252197265625
Cosmos3_seed101_0003,93,9,0.11543731391429901,0.501449465751648,922.2086181640625,686.7757568359375,1064.6663818359375,718.0692138671875
Cosmos3_seed101_0003,93,10,0.11396821588277817,0.513338565826416,1143.1937255859375,654.1813354492188,1257.3297119140625,718.2714233398438
Cosmos3_seed101_0003,93,11,0.11046002060174942,0.5694578886032104,1142.1337890625,559.1135864257812,1207.057861328125,603.8744506835938
Cosmos3_seed101_0003,93,12,0.10846943408250809,0.4455082416534424,920.4801635742188,96.9935302734375,1168.608154296875,714.318115234375
Cosmos3_seed101_0003,96,1,0.4379975199699402,0.7201491594314575,633.1083374023438,335.1502990722656,661.0435180664062,368.9370422363281
Cosmos3_seed101_0003,96,2,0.2873275578022003,0.45811861753463745,603.0679931640625,72.64907836914062,1166.5919189453125,714.383544921875
Cosmos3_seed101_0003,96,3,0.263234406709671,0.5532526969909668,436.31231689453125,175.0803680419922,593.4047241210938,372.11724853515625
Cosmos3_seed101_0003,96,4,0.19116513431072235,0.5835657119750977,1073.6412353515625,544.9071655273438,1230.5855712890625,634.5808715820312
Cosmos3_seed101_0003,96,5,0.17079602181911469,0.5141362547874451,2.512664794921875,268.63397216796875,991.5611572265625,716.571533203125
Cosmos3_seed101_0003,96,6,0.1523447334766388,0.38337942957878113,964.511962890625,466.26312255859375,1229.828369140625,633.8372192382812
Cosmos3_seed101_0003,96,7,0.13630278408527374,0.592278242111206,1070.166259765625,546.534912109375,1132.69482421875,615.709228515625
Cosmos3_seed101_0003,96,8,0.12356849014759064,0.5520191192626953,968.648193359375,466.27911376953125,989.75390625,533.051025390625
Cosmos3_seed101_0003,96,9,0.11620744317770004,0.5249457955360413,1143.2939453125,655.0450439453125,1257.3974609375,718.291259765625
Cosmos3_seed101_0003,96,10,0.11094774305820465,0.5067312717437744,922.342041015625,686.696044921875,1064.2470703125,718.2337646484375
Cosmos3_seed101_0003,96,11,0.10638399422168732,0.599750280380249,1141.464111328125,558.9595947265625,1206.930908203125,603.5428466796875
Cosmos3_seed101_0003,96,12,0.10543320327997208,0.6105502843856812,1080.5174560546875,546.01220703125,1132.7100830078125,584.846435546875
Cosmos3_seed101_0003,99,1,0.4209202826023102,0.6425460577011108,647.4020385742188,346.2745056152344,675.9782104492188,379.0495910644531
Cosmos3_seed101_0003,99,2,0.2920915186405182,0.5775078535079956,436.28900146484375,175.0655059814453,593.4154663085938,372.13189697265625
Cosmos3_seed101_0003,99,3,0.26335805654525757,0.47022944688796997,617.7344970703125,78.65444946289062,1164.3885498046875,714.7816162109375
Cosmos3_seed101_0003,99,4,0.19287389516830444,0.5240455269813538,2.708740234375,265.353515625,991.44091796875,716.8035278320312
Cosmos3_seed101_0003,99,5,0.19024428725242615,0.6085763573646545,1124.778076171875,546.2405395507812,1230.110107421875,633.2836303710938
Cosmos3_seed101_0003,99,6,0.12388972193002701,0.5216835737228394,922.3504028320312,686.4672241210938,1065.6343994140625,718.2376098632812
Cosmos3_seed101_0003,99,7,0.12286607921123505,0.6352518796920776,1079.7540283203125,544.1481323242188,1132.5340576171875,584.2966918945312
Cosmos3_seed101_0003,99,8,0.12099181115627289,0.48309892416000366,1143.168701171875,655.2362060546875,1257.030517578125,718.309814453125
Cosmos3_seed101_0003,99,9,0.1147734746336937,0.5719184875488281,1142.4715576171875,558.711669921875,1205.4620361328125,602.2313232421875
Cosmos3_seed101_0003,99,10,0.10999154299497604,0.5723206400871277,1070.9984130859375,544.356201171875,1131.8685302734375,615.708251953125
Cosmos3_seed101_0003,99,11,0.10717545449733734,0.4622812271118164,926.707275390625,100.27688598632812,1164.769775390625,525.6104736328125
Cosmos3_seed101_0003,99,12,0.1071750596165657,0.4871007204055786,916.9221801757812,433.53253173828125,1125.6314697265625,715.9821166992188
Cosmos3_seed101_0003,102,1,0.441058486700058,0.6592493653297424,659.3792724609375,351.54498291015625,688.5823974609375,384.89141845703125
Cosmos3_seed101_0003,102,2,0.2704765796661377,0.5704132318496704,436.39202880859375,174.87466430664062,593.9909057617188,372.0570373535156
Cosmos3_seed101_0003,102,3,0.26238811016082764,0.46450647711753845,629.404296875,81.45626831054688,1163.367919921875,714.5771484375
Cosmos3_seed101_0003,102,4,0.19008013606071472,0.5037921667098999,2.809295654296875,261.06878662109375,993.0760498046875,716.45849609375
Cosmos3_seed101_0003,102,5,0.17213447391986847,0.5833972692489624,1072.4202880859375,542.9262084960938,1230.2581787109375,634.2349243164062
Cosmos3_seed101_0003,102,6,0.1682678908109665,0.564741313457489,1070.2392578125,542.7084350585938,1132.09765625,615.5371704101562
Cosmos3_seed101_0003,102,7,0.12093405425548553,0.6292679309844971,1081.0703125,542.784912109375,1131.4111328125,584.03955078125
Cosmos3_seed101_0003,102,8,0.11564372479915619,0.47654280066490173,1143.4786376953125,655.5955200195312,1256.1082763671875,718.2316284179688
Cosmos3_seed101_0003,102,9,0.11179400235414505,0.47392094135284424,924.4867553710938,100.75434875488281,1163.740478515625,524.7620849609375
Cosmos3_seed101_0003,102,10,0.10862919688224792,0.4890865087509155,913.5757446289062,440.1895446777344,1125.89794921875,715.890380859375
Cosmos3_seed101_0003,102,11,0.10862419009208679,0.5686299800872803,1141.86181640625,559.0066528320312,1205.536865234375,602.2964477539062
Cosmos3_seed101_0003,102,12,0.1063757836818695,0.5041744709014893,923.1959838867188,686.8125610351562,1064.6732177734375,718.1848754882812
Cosmos3_seed101_0003,105,1,0.4263880252838135,0.6396912336349487,667.4239501953125,355.7442932128906,696.8092041015625,391.1428527832031
Cosmos3_seed101_0003,105,2,0.2896820306777954,0.5707762241363525,436.232666015625,174.4490966796875,593.88427734375,371.91998291015625
Cosmos3_seed101_0003,105,3,0.27363550662994385,0.4646850824356079,637.8616943359375,84.41036987304688,1162.7869873046875,714.8148193359375
Cosmos3_seed101_0003,105,4,0.1892475187778473,0.6138710975646973,1124.443359375,545.9474487304688,1230.259521484375,632.5663452148438
Cosmos3_seed101_0003,105,5,0.16796329617500305,0.5011633634567261,3.028045654296875,260.713623046875,993.371826171875,716.4326171875
Cosmos3_seed101_0003,105,6,0.1676328331232071,0.5599309802055359,1071.279052734375,541.0431518554688,1132.35595703125,613.7929077148438
Cosmos3_seed101_0003,105,7,0.12847526371479034,0.6497937440872192,1081.4779052734375,541.959228515625,1130.3011474609375,583.8563232421875
Cosmos3_seed101_0003,105,8,0.12411374598741531,0.4973856210708618,966.3070068359375,465.99700927734375,1127.6561279296875,613.3893432617188
Cosmos3_seed101_0003,105,9,0.11750485748052597,0.4984692633152008,1143.3994140625,656.1707763671875,1256.339599609375,718.2476806640625
Cosmos3_seed101_0003,105,10,0.11712239682674408,0.5270679593086243,635.9388427734375,192.24185180664062,765.6168212890625,390.3059997558594
Cosmos3_seed101_0003,105,11,0.1144881621003151,0.4982241988182068,922.8374633789062,686.83984375,1064.27880859375,718.2244873046875
Cosmos3_seed101_0003,105,12,0.11168772727251053,0.5075328350067139,656.2520751953125,192.52647399902344,765.2872314453125,304.3733215332031
Cosmos3_seed101_0003,108,1,0.44860291481018066,0.7462199926376343,670.969970703125,360.7601318359375,698.72216796875,394.32720947265625
Cosmos3_seed101_0003,108,2,0.2668602168560028,0.4574277698993683,641.5067138671875,85.97494506835938,1162.1373291015625,714.6510009765625
Cosmos3_seed101_0003,108,3,0.2617945075035095,0.567254364490509,436.1428527832031,174.37322998046875,593.665283203125,371.68603515625
Cosmos3_seed101_0003,108,4,0.17809070646762848,0.5733324289321899,1075.7236328125,543.3840942382812,1230.313720703125,634.6276245117188
Cosmos3_seed101_0003,108,5,0.1716325432062149,0.5017784833908081,2.92022705078125,258.85540771484375,992.0429077148438,716.580322265625
Cosmos3_seed101_0003,108,6,0.13355416059494019,0.5704996585845947,1070.50830078125,543.1060791015625,1131.758544921875,613.529052734375
Cosmos3_seed101_0003,108,7,0.1273851990699768,0.5354359149932861,639.709228515625,195.77679443359375,765.854248046875,393.928466796875
Cosmos3_seed101_0003,108,8,0.12686897814273834,0.6610742211341858,1081.1859130859375,543.6212158203125,1130.3311767578125,583.6715087890625
Cosmos3_seed101_0003,108,9,0.12189240753650665,0.5044444799423218,1143.7108154296875,656.0293579101562,1256.4857177734375,718.1896362304688
Cosmos3_seed101_0003,108,10,0.12070128321647644,0.45949745178222656,923.4464721679688,101.96548461914062,1162.18603515625,523.6680908203125
Cosmos3_seed101_0003,108,11,0.10975473374128342,0.4947107434272766,922.373046875,686.8027954101562,1065.5462646484375,718.2048950195312
Cosmos3_seed101_0003,108,12,0.10634218156337738,0.5654603838920593,1142.636474609375,558.7929077148438,1205.341064453125,602.5624389648438
Cosmos3_seed101_0003,111,1,0.45010125637054443,0.7318457365036011,671.819580078125,362.26824951171875,700.448974609375,395.5601806640625
Cosmos3_seed101_0003,111,2,0.27039390802383423,0.5738576650619507,435.9484558105469,174.21380615234375,594.0274047851562,371.58953857421875
Cosmos3_seed101_0003,111,3,0.24217981100082397,0.46284568309783936,641.6289672851562,86.48367309570312,1161.91357421875,714.9345703125
Cosmos3_seed101_0003,111,4,0.18409648537635803,0.56159508228302,1070.4674072265625,542.158935546875,1130.8089599609375,613.7525634765625
Cosmos3_seed101_0003,111,5,0.1691429615020752,0.6043566465377808,1124.5262451171875,545.6778564453125,1230.2987060546875,632.6859130859375
Cosmos3_seed101_0003,111,6,0.16430294513702393,0.5074561238288879,2.65460205078125,260.06494140625,993.7071533203125,716.4700927734375
Cosmos3_seed101_0003,111,7,0.12116721272468567,0.4610583782196045,922.8021850585938,102.07051086425781,1161.830810546875,523.7626342773438
Cosmos3_seed101_0003,111,8,0.12026410549879074,0.6737504005432129,1082.374267578125,542.716064453125,1128.999755859375,583.236328125
Cosmos3_seed101_0003,111,9,0.11493097990751266,0.5330502986907959,640.5027465820312,197.02682495117188,766.6824340820312,394.8287658691406
Cosmos3_seed101_0003,111,10,0.11298158764839172,0.5776548385620117,1142.0379638671875,559.1201782226562,1205.6258544921875,601.7229614257812
Cosmos3_seed101_0003,111,11,0.10877334326505661,0.5068825483322144,922.1954345703125,686.4259033203125,1065.9249267578125,718.243896484375
Cosmos3_seed101_0003,111,12,0.10381472855806351,0.6301016807556152,641.203125,311.4171447753906,725.155517578125,396.2817077636719
Cosmos3_seed101_0003,114,1,0.47721150517463684,0.7337150573730469,671.197021484375,361.1622619628906,699.3778076171875,394.6203918457031
Cosmos3_seed101_0003,114,2,0.2462620884180069,0.46431437134742737,642.4244995117188,87.01239013671875,1162.0087890625,715.0289306640625
Cosmos3_seed101_0003,114,3,0.23937681317329407,0.5592260956764221,436.2625427246094,174.56732177734375,593.94091796875,372.13641357421875
Cosmos3_seed101_0003,114,4,0.15189611911773682,0.5854170918464661,1070.812744140625,542.817138671875,1131.73583984375,613.8614501953125
Cosmos3_seed101_0003,114,5,0.1502906233072281,0.5749752521514893,1074.2073974609375,542.6459350585938,1230.6602783203125,633.5038452148438
Cosmos3_seed101_0003,114,6,0.14999333024024963,0.5185219645500183,2.834381103515625,261.4785461425781,990.47412109375,716.19921875
Cosmos3_seed101_0003,114,7,0.14610444009304047,0.5053784847259521,964.9395751953125,465.0533752441406,1127.6583251953125,614.51220703125
Cosmos3_seed101_0003,114,8,0.11197284609079361,0.5386636853218079,640.4832153320312,196.04554748535156,765.8729858398438,393.7252197265625
Cosmos3_seed101_0003,114,9,0.11182186752557755,0.6649882793426514,1081.8035888671875,542.9561157226562,1130.2818603515625,583.7003784179688
Cosmos3_seed101_0003,114,10,0.11145841330289841,0.4570457339286804,922.4342651367188,102.61997985839844,1161.9210205078125,523.3331909179688
Cosmos3_seed101_0003,114,11,0.10877883434295654,0.5923662185668945,641.0665283203125,309.0190124511719,724.3717041015625,395.7624816894531
Cosmos3_seed101_0003,114,12,0.10669051855802536,0.5170098543167114,923.142333984375,687.2453002929688,1064.750244140625,718.2416381835938
Cosmos3_seed101_0003,117,1,0.47270694375038147,0.686859667301178,671.4589233398438,361.4107360839844,699.8230590820312,393.9515686035156
Cosmos3_seed101_0003,117,2,0.24089094996452332,0.5589091777801514,436.228271484375,174.548583984375,593.843505859375,372.5194091796875
Cosmos3_seed101_0003,117,3,0.23483051359653473,0.4730187654495239,643.1088256835938,87.46530151367188,1161.61376953125,714.5535888671875
Cosmos3_seed101_0003,117,4,0.17212675511837006,0.564446210861206,1071.0389404296875,542.0647583007812,1132.7850341796875,614.3538208007812
Cosmos3_seed101_0003,117,5,0.155457004904747,0.5039838552474976,2.85833740234375,261.7085876464844,992.0739135742188,716.2528076171875
Cosmos3_seed101_0003,117,6,0.15080153942108154,0.5993432998657227,1124.9727783203125,545.924560546875,1231.0584716796875,632.6778564453125
Cosmos3_seed101_0003,117,7,0.13766945898532867,0.6196713447570801,640.7827758789062,308.6667175292969,723.3878784179688,395.4657897949219
Cosmos3_seed101_0003,117,8,0.13370758295059204,0.6751402616500854,1082.3319091796875,542.4381103515625,1131.5030517578125,583.6038818359375
Cosmos3_seed101_0003,117,9,0.13086658716201782,0.5455937385559082,640.2900390625,195.6074676513672,765.4093017578125,393.82232666015625
Cosmos3_seed101_0003,117,10,0.12952455878257751,0.5121044516563416,964.9092407226562,465.39788818359375,1129.1390380859375,614.8723754882812
Cosmos3_seed101_0003,117,11,0.1238151341676712,0.45702654123306274,921.0325317382812,102.6876220703125,1161.5389404296875,523.3840942382812
Cosmos3_seed101_0003,117,12,0.10536976158618927,0.5635509490966797,1142.5198974609375,559.0007934570312,1206.2933349609375,602.3263549804688
Cosmos3_seed101_0003,120,1,0.43941783905029297,0.7141072750091553,671.331787109375,363.71514892578125,703.291748046875,395.757080078125
Cosmos3_seed101_0003,120,2,0.2610798478126526,0.5505666136741638,436.5043029785156,175.57220458984375,593.74365234375,373.1231689453125
Cosmos3_seed101_0003,120,3,0.24939706921577454,0.47236305475234985,643.3922119140625,89.107666015625,1160.9993896484375,714.917724609375
Cosmos3_seed101_0003,120,4,0.15656913816928864,0.6375398635864258,1081.58984375,542.838623046875,1132.670654296875,583.464599609375
Cosmos3_seed101_0003,120,5,0.15228690207004547,0.5271205902099609,3.013916015625,262.1307373046875,990.4714965820312,716.393798828125
Cosmos3_seed101_0003,120,6,0.15192127227783203,0.58234703540802,1079.6964111328125,543.325927734375,1231.1954345703125,634.68115234375
Cosmos3_seed101_0003,120,7,0.13139240443706512,0.532240629196167,640.9443359375,197.2921600341797,765.763671875,395.6484375
Cosmos3_seed101_0003,120,8,0.12681515514850616,0.636878490447998,641.5269775390625,309.48388671875,724.115234375,396.7666015625
Cosmos3_seed101_0003,120,9,0.11222145706415176,0.4595443606376648,921.0800170898438,105.11061096191406,1161.2529296875,523.5932006835938
Cosmos3_seed101_0003,120,10,0.10327719151973724,0.5719312429428101,1142.7191162109375,559.2288818359375,1206.6177978515625,603.3553466796875
Cosmos3_seed101_0003,120,11,0.10066159814596176,0.5178933143615723,659.3013916015625,197.64044189453125,765.5989990234375,306.6314697265625
Cosmos3_seed101_0003,120,12,0.10063710808753967,0.5251309871673584,1144.459228515625,657.429931640625,1257.073974609375,718.181396484375
Cosmos3_seed101_0003,123,1,0.4690057039260864,0.735155463218689,670.0679321289062,363.7553405761719,701.3595581054688,395.6695251464844
Cosmos3_seed101_0003,123,2,0.2608019709587097,0.565147876739502,436.32440185546875,174.74606323242188,593.6643676757812,372.5118713378906
Cosmos3_seed101_0003,123,3,0.25294244289398193,0.4680747389793396,643.3875122070312,88.71511840820312,1161.439697265625,714.3438720703125
Cosmos3_seed101_0003,123,4,0.1586102545261383,0.5055829882621765,2.97113037109375,260.08673095703125,992.1371459960938,716.467041015625
Cosmos3_seed101_0003,123,5,0.14765095710754395,0.5895432233810425,1080.85693359375,541.710693359375,1132.2138671875,585.1319580078125
Cosmos3_seed101_0003,123,6,0.14269982278347015,0.5757404565811157,1077.2039794921875,542.10107421875,1230.9835205078125,634.3416748046875
Cosmos3_seed101_0003,123,7,0.13591447472572327,0.6516382694244385,642.7250366210938,311.46392822265625,725.2753295898438,396.79827880859375
Cosmos3_seed101_0003,123,8,0.1296335607767105,0.5398105382919312,641.8142700195312,197.14871215820312,765.4019165039062,395.2439880371094
Cosmos3_seed101_0003,123,9,0.11126216500997543,0.45742154121398926,919.587890625,104.41824340820312,1161.3974609375,523.37939453125
Cosmos3_seed101_0003,123,10,0.10540774464607239,0.4924572706222534,1143.305419921875,656.243896484375,1256.830322265625,718.2049560546875
Cosmos3_seed101_0003,123,11,0.10251493006944656,0.7754027843475342,662.6251220703125,354.98358154296875,710.4638671875,400.113525390625
Cosmos3_seed101_0003,126,1,0.5282555818557739,0.8007075786590576,673.5846557617188,365.26641845703125,699.5838012695312,395.0789794921875
Cosmos3_seed101_0003,126,2,0.22363686561584473,0.4632280170917511,648.3173828125,87.054931640625,1161.903076171875,713.7575073242188
Cosmos3_seed101_0003,126,3,0.206637904047966,0.5643447041511536,436.2232360839844,175.1973876953125,593.5274658203125,372.0360107421875
Cosmos3_seed101_0003,126,4,0.1676449328660965,0.5119102001190186,2.655731201171875,257.42962646484375,991.2117919921875,716.24951171875
Cosmos3_seed101_0003,126,5,0.12746687233448029,0.562021017074585,1076.4451904296875,542.2493286132812,1230.4447021484375,634.0725708007812
Cosmos3_seed101_0003,126,6,0.121760293841362,0.6312427520751953,1081.7999267578125,542.185302734375,1132.6219482421875,584.1973876953125
Cosmos3_seed101_0003,126,7,0.12086350470781326,0.6091859340667725,643.1179809570312,310.0144348144531,726.5919799804688,397.4750061035156
Cosmos3_seed101_0003,129,1,0.5534143447875977,0.8375493884086609,673.549560546875,364.91998291015625,699.8001708984375,395.13433837890625
Cosmos3_seed101_0003,129,2,0.2110327035188675,0.5635557174682617,436.36083984375,175.04896545410156,593.4720458984375,372.08673095703125
Cosmos3_seed101_0003,129,3,0.21094490587711334,0.4626767635345459,646.463623046875,81.03143310546875,1162.69775390625,713.8710327148438
Cosmos3_seed101_0003,129,4,0.1601942628622055,0.5156280994415283,2.914794921875,261.66192626953125,988.378662109375,716.2952270507812
Cosmos3_seed101_0003,129,5,0.12740205228328705,0.6280388832092285,1081.51025390625,541.7350463867188,1133.118896484375,584.2844848632812
Cosmos3_seed101_0003,129,6,0.12326303869485855,0.569088339805603,1076.001953125,541.7717895507812,1230.360107421875,632.6668090820312
Cosmos3_seed101_0003,129,7,0.10245957225561142,0.5705491304397583,1072.5592041015625,541.1744384765625,1135.0179443359375,611.912109375
Cosmos3_seed101_0003,132,1,0.5445278882980347,0.8012179136276245,673.2156982421875,364.9236145019531,699.702392578125,395.3250427246094
Cosmos3_seed101_0003,132,2,0.22303597629070282,0.5684435367584229,436.2384033203125,174.3561248779297,593.3907470703125,372.2576904296875
Cosmos3_seed101_0003,132,3,0.20108351111412048,0.47348958253860474,646.3599853515625,70.96609497070312,1164.765625,714.1016845703125
Cosmos3_seed101_0003,132,4,0.17904065549373627,0.5260822176933289,3.5601806640625,263.48638916015625,989.7911987304688,716.4465942382812
Cosmos3_seed101_0003,132,5,0.12663502991199493,0.6196146011352539,1081.5938720703125,542.46728515625,1132.5440673828125,584.1217041015625
Cosmos3_seed101_0003,132,6,0.11360561847686768,0.6034207344055176,1124.147216796875,545.9095458984375,1230.575439453125,632.4693603515625
Cosmos3_seed101_0003,135,1,0.6026799082756042,0.8131952285766602,673.444091796875,364.7576599121094,699.8365478515625,394.8319396972656
Cosmos3_seed101_0003,135,2,0.1907697468996048,0.563362181186676,436.214111328125,175.34036254882812,593.205810546875,371.9841003417969
Cosmos3_seed101_0003,135,3,0.15637513995170593,0.5336349606513977,2.814849853515625,263.7033386230469,989.2694091796875,716.4925537109375
Cosmos3_seed101_0003,135,4,0.1559976041316986,0.6353849172592163,1079.709716796875,545.2445068359375,1129.892578125,585.10595703125
Cosmos3_seed101_0003,135,5,0.15323565900325775,0.47006556391716003,643.84814453125,57.02728271484375,1172.0208740234375,714.0730590820312
Cosmos3_seed101_0003,138,1,0.6070942282676697,0.811902642250061,673.5408325195312,364.72784423828125,699.7825317382812,394.76251220703125
Cosmos3_seed101_0003,138,2,0.19276081025600433,0.5575403571128845,436.28521728515625,175.8758544921875,593.1525268554688,371.9986572265625
Cosmos3_seed101_0003,138,3,0.17127716541290283,0.5250279307365417,2.817657470703125,260.1192932128906,991.53466796875,716.4296875
Cosmos3_seed101_0003,138,4,0.1539662480354309,0.46567660570144653,642.7113647460938,37.375457763671875,1192.53857421875,714.3702392578125
Cosmos3_seed101_0003,138,5,0.13653972744941711,0.6757739782333374,1079.4107666015625,547.7376708984375,1127.4798583984375,585.0794677734375
Cosmos3_seed101_0003,138,6,0.10695358365774155,0.6007533669471741,1122.9669189453125,546.306884765625,1230.5533447265625,634.2965087890625
Cosmos3_seed101_0003,141,1,0.6243136525154114,0.8558263778686523,673.2197875976562,364.279541015625,699.9424438476562,394.234375
Cosmos3_seed101_0003,141,2,0.17927683889865875,0.5447657108306885,3.20709228515625,258.53570556640625,990.0350341796875,716.5457153320312
Cosmos3_seed101_0003,141,3,0.16979995369911194,0.5379490256309509,435.8473205566406,174.7386474609375,593.0216064453125,371.64984130859375
Cosmos3_seed101_0003,141,4,0.1564362645149231,0.4680662751197815,641.369384765625,17.67510986328125,1214.7220458984375,713.8917846679688
Cosmos3_seed101_0003,141,5,0.12426353991031647,0.6252299547195435,1079.06103515625,545.982177734375,1129.439453125,585.580810546875
Cosmos3_seed101_0003,141,6,0.10581520944833755,0.5959345698356628,1122.5426025390625,545.3367309570312,1230.5518798828125,634.5167846679688
Cosmos3_seed101_0003,144,1,0.606303870677948,0.8270624876022339,673.3141479492188,364.5152587890625,700.0319213867188,394.8424072265625
Cosmos3_seed101_0003,144,2,0.25620657205581665,0.733513593673706,659.3939208984375,258.29376220703125,691.0184326171875,286.78778076171875
Cosmos3_seed101_0003,144,3,0.17870761454105377,0.5553885698318481,2.728271484375,257.47015380859375,987.973876953125,716.8289184570312
Cosmos3_seed101_0003,144,4,0.16328714787960052,0.7379939556121826,647.1513671875,243.41384887695312,694.69873046875,288.8014831542969
Cosmos3_seed101_0003,144,5,0.15903551876544952,0.5546178221702576,436.1213684082031,175.95602416992188,593.0880737304688,372.0112609863281
Cosmos3_seed101_0003,144,6,0.14708097279071808,0.47653502225875854,626.9169311523438,3.732513427734375,1229.03662109375,715.111328125
Cosmos3_seed101_0003,144,7,0.10617078095674515,0.6071071624755859,1122.5743408203125,546.0370483398438,1230.3968505859375,634.4367065429688
Cosmos3_seed101_0003,144,8,0.10168947279453278,0.6604194641113281,1079.41796875,546.385009765625,1128.95458984375,585.8868408203125
Cosmos3_seed101_0003,147,1,0.5697075128555298,0.8499675989151001,673.5037841796875,364.2702331542969,699.9283447265625,394.7941589355469
Cosmos3_seed101_0003,147,2,0.2870873808860779,0.7193572521209717,631.3985595703125,229.20816040039062,671.967041015625,261.9927673339844
Cosmos3_seed101_0003,147,3,0.1924343705177307,0.5567165017127991,3.22210693359375,256.9249572753906,990.3146362304688,716.6962890625
Cosmos3_seed101_0003,147,4,0.1759682595729828,0.48367273807525635,610.7515869140625,0.99945068359375,1234.477294921875,715.4775390625
Cosmos3_seed101_0003,147,5,0.1486896127462387,0.5617271065711975,436.15240478515625,175.67132568359375,593.2321166992188,371.88568115234375
Cosmos3_seed101_0003,150,1,0.5929019451141357,0.8874403834342957,673.5374145507812,364.402099609375,699.8843383789062,394.943603515625
Cosmos3_seed101_0003,150,2,0.2821817696094513,0.7025344371795654,609.8854370117188,207.35792541503906,649.6985473632812,242.1275177001953
Cosmos3_seed101_0003,150,3,0.1686604619026184,0.5697197914123535,2.67156982421875,257.947021484375,990.7903442382812,716.8616333007812
Cosmos3_seed101_0003,150,4,0.16059496998786926,0.47456467151641846,593.4178466796875,0.654327392578125,1229.8494873046875,715.5916748046875
Cosmos3_seed101_0003,150,5,0.14637666940689087,0.5588512420654297,436.12298583984375,175.70327758789062,593.7581176757812,371.9783630371094
Cosmos3_seed101_0003,153,1,0.6089485287666321,0.8303263187408447,673.47509765625,364.2497863769531,700.2750244140625,394.8329772949219
Cosmos3_seed101_0003,153,2,0.22248174250125885,0.7387444376945496,590.7951049804688,188.90841674804688,629.4578247070312,228.44668579101562
Cosmos3_seed101_0003,153,3,0.17963393032550812,0.4756438136100769,577.0446166992188,0.84234619140625,1217.241455078125,715.3333740234375
Cosmos3_seed101_0003,153,4,0.17306335270404816,0.5704249143600464,2.553436279296875,258.08868408203125,990.72509765625,716.7085571289062
Cosmos3_seed101_0003,153,5,0.13820934295654297,0.5518255829811096,436.4148864746094,175.3138427734375,591.5238037109375,371.64166259765625
Cosmos3_seed101_0003,153,6,0.10048256069421768,0.5878266096115112,1080.1851806640625,545.259765625,1230.1048583984375,635.25732421875
Cosmos3_seed101_0003,156,1,0.6193704009056091,0.8283078670501709,673.562255859375,364.3714904785156,700.16162109375,395.0696716308594
Cosmos3_seed101_0003,156,2,0.21168118715286255,0.8285282850265503,574.6442260742188,170.96694946289062,612.9443969726562,218.739990234375
Cosmos3_seed101_0003,156,3,0.16399908065795898,0.5620853900909424,2.436737060546875,257.524169921875,993.002197265625,716.6061401367188
Cosmos3_seed101_0003,156,4,0.16129189729690552,0.4793087840080261,563.2523803710938,1.504058837890625,1200.060302734375,715.28076171875
Cosmos3_seed101_0003,156,5,0.1462944895029068,0.5739331245422363,436.70281982421875,175.45782470703125,591.6238403320312,371.5391845703125
Cosmos3_seed101_0003,156,6,0.10696597397327423,0.5838828086853027,1080.3658447265625,545.6713256835938,1229.8218994140625,633.8168334960938
Cosmos3_seed101_0003,159,1,0.608548641204834,0.8302068710327148,673.3653564453125,364.3685302734375,700.2650146484375,394.8060302734375
Cosmos3_seed101_0003,159,2,0.2377871423959732,0.8133876323699951,563.8278198242188,165.18734741210938,601.0697631835938,215.71560668945312
Cosmos3_seed101_0003,159,3,0.1747346818447113,0.4650454521179199,553.45361328125,2.660980224609375,1182.809814453125,714.7840576171875
Cosmos3_seed101_0003,159,4,0.16231182217597961,0.582909107208252,436.4451599121094,174.48214721679688,592.2704467773438,371.5729675292969
Cosmos3_seed101_0003,159,5,0.15918268263339996,0.5550546646118164,2.3878173828125,258.73992919921875,989.071044921875,716.5377197265625
Cosmos3_seed101_0003,159,6,0.11905784159898758,0.5908578634262085,1079.8092041015625,545.679931640625,1229.8375244140625,633.4105224609375
Cosmos3_seed101_0003,162,1,0.6036368012428284,0.83326256275177,673.6791381835938,364.397216796875,700.3428344726562,394.943115234375
Cosmos3_seed101_0003,162,2,0.26286327838897705,0.8286688923835754,556.232421875,164.32151794433594,590.99365234375,213.6191864013672
Cosmos3_seed101_0003,162,3,0.17935898900032043,0.4674084186553955,546.0528564453125,2.782623291015625,1170.6663818359375,714.706298828125
Cosmos3_seed101_0003,162,4,0.16367444396018982,0.5857996940612793,436.7361145019531,174.48741149902344,591.7552490234375,371.73077392578125
Cosmos3_seed101_0003,162,5,0.15707887709140778,0.5645207762718201,2.560546875,257.9532470703125,988.9973754882812,716.5863037109375
Cosmos3_seed101_0003,162,6,0.11498339474201202,0.5809595584869385,1079.5574951171875,544.8614501953125,1229.7054443359375,633.0120849609375
Cosmos3_seed101_0003,165,1,0.584351658821106,0.8119592666625977,673.4089965820312,364.2387390136719,700.0709838867188,394.4880065917969
Cosmos3_seed101_0003,165,2,0.29235565662384033,0.8192379474639893,548.5593872070312,164.0486602783203,581.6668090820312,212.26316833496094
Cosmos3_seed101_0003,165,3,0.17832523584365845,0.5936597585678101,436.7264099121094,174.04379272460938,591.8909912109375,371.4771423339844
Cosmos3_seed101_0003,165,4,0.17689523100852966,0.4698490500450134,538.0477905273438,2.780303955078125,1166.796875,714.2652587890625
Cosmos3_seed101_0003,165,5,0.17222456634044647,0.5574866533279419,2.1815185546875,258.42120361328125,991.1995239257812,716.509521484375
Cosmos3_seed101_0003,168,1,0.5788214206695557,0.7963961958885193,673.2523193359375,364.1432800292969,700.2767333984375,394.4114074707031
Cosmos3_seed101_0003,168,2,0.28124040365219116,0.8233646750450134,540.114013671875,163.22030639648438,572.71435546875,209.37374877929688
Cosmos3_seed101_0003,168,3,0.18992091715335846,0.5895949602127075,436.52471923828125,173.58863830566406,593.9962768554688,371.30828857421875
Cosmos3_seed101_0003,168,4,0.17082339525222778,0.538007378578186,2.33367919921875,259.3060302734375,990.888427734375,716.371826171875
Cosmos3_seed101_0003,168,5,0.16796523332595825,0.4730719029903412,525.9442138671875,3.0069580078125,1166.4459228515625,713.6619873046875
Cosmos3_seed101_0003,168,6,0.12938575446605682,0.4471205174922943,966.0192260742188,466.7252197265625,1134.32958984375,604.8348388671875
Cosmos3_seed101_0003,168,7,0.11749392002820969,0.6232683062553406,1079.89697265625,541.4033203125,1133.455810546875,585.3675537109375
Cosmos3_seed101_0003,171,1,0.5799427032470703,0.7916848659515381,673.5345458984375,364.2619323730469,700.3797607421875,394.7174987792969
Cosmos3_seed101_0003,171,2,0.230192631483078,0.7100238800048828,534.8021240234375,161.69186401367188,566.5640869140625,210.1219482421875
Cosmos3_seed101_0003,171,3,0.18639236688613892,0.6005170941352844,436.8934326171875,173.3338623046875,594.597900390625,371.33465576171875
Cosmos3_seed101_0003,171,4,0.18079990148544312,0.4617401957511902,518.4946899414062,2.22509765625,1166.811279296875,713.9552001953125
Cosmos3_seed101_0003,171,5,0.1801958978176117,0.5471689701080322,2.362335205078125,259.369873046875,990.7095947265625,716.1416625976562
Cosmos3_seed101_0003,171,6,0.12038315087556839,0.43856751918792725,964.816650390625,466.4730529785156,1134.55859375,609.5596923828125
Cosmos3_seed101_0003,174,1,0.6248315572738647,0.8151944875717163,673.4678344726562,364.357177734375,700.4406127929688,394.65185546875
Cosmos3_seed101_0003,174,2,0.18080124258995056,0.5482522249221802,2.73333740234375,259.684326171875,989.0355834960938,716.2807006835938
Cosmos3_seed101_0003,174,3,0.17612937092781067,0.45620274543762207,512.8533935546875,2.512786865234375,1167.0758056640625,714.291748046875
Cosmos3_seed101_0003,174,4,0.15222841501235962,0.5643945932388306,436.35748291015625,174.65261840820312,594.1760864257812,371.0570373535156
Cosmos3_seed101_0003,174,5,0.10710921883583069,0.4449320435523987,964.6790771484375,467.6311340332031,1134.3382568359375,613.11376953125
Cosmos3_seed101_0003,174,6,0.10698234289884567,0.6126116514205933,1070.2156982421875,537.9522094726562,1134.3448486328125,614.9037475585938
Cosmos3_seed101_0003,174,7,0.10227181762456894,0.6165829300880432,1080.53955078125,539.1988525390625,1132.9580078125,585.080810546875
Cosmos3_seed101_0003,177,1,0.6352819204330444,0.8149381875991821,673.6077880859375,364.43011474609375,700.5784912109375,394.525146484375
Cosmos3_seed101_0003,177,2,0.1837368905544281,0.5625560879707336,2.831695556640625,258.60333251953125,987.22509765625,716.272705078125
Cosmos3_seed101_0003,177,3,0.1713477373123169,0.4545113146305084,516.1639404296875,2.7708740234375,1168.9266357421875,714.1334838867188
Cosmos3_seed101_0003,177,4,0.15353184938430786,0.5626499056816101,436.7042236328125,174.63706970214844,594.067138671875,371.0159912109375
Cosmos3_seed101_0003,177,5,0.10784068703651428,0.6003279685974121,1072.34619140625,544.03369140625,1229.2890625,633.0804443359375
Cosmos3_seed101_0003,177,6,0.10108481347560883,0.47301965951919556,965.0848388671875,467.8047790527344,1134.3853759765625,615.375732421875
Cosmos3_seed101_0003,180,1,0.644210159778595,0.8040027022361755,673.5782470703125,364.2173767089844,700.4990234375,394.3513488769531
Cosmos3_seed101_0003,180,2,0.17589221894741058,0.5760798454284668,2.30389404296875,257.23809814453125,988.8643188476562,716.437744140625
Cosmos3_seed101_0003,180,3,0.16788817942142487,0.46518316864967346,538.779541015625,2.10791015625,1175.65966796875,715.0608520507812
Cosmos3_seed101_0003,180,4,0.14773964881896973,0.5513825416564941,436.3758850097656,174.38131713867188,594.5659790039062,370.7371520996094
Cosmos3_seed101_0003,180,5,0.11780598759651184,0.5788872241973877,1074.612060546875,545.2764892578125,1229.851318359375,634.02294921875
Cosmos3_seed101_0003,183,1,0.6436948180198669,0.8405543565750122,673.4773559570312,364.439208984375,700.3775024414062,394.601318359375
Cosmos3_seed101_0003,183,2,0.18077170848846436,0.5693169832229614,2.701141357421875,256.7008972167969,988.1497802734375,716.675537109375
Cosmos3_seed101_0003,183,3,0.17260167002677917,0.4696173667907715,575.2476806640625,0.71240234375,1212.8170166015625,715.700927734375
Cosmos3_seed101_0003,183,4,0.14720244705677032,0.5485609173774719,436.5755920410156,174.76153564453125,594.1455078125,371.44866943359375
Cosmos3_seed101_0003,183,5,0.1001734659075737,0.5798190832138062,1078.1153564453125,545.8544921875,1230.5413818359375,635.744873046875
Cosmos3_seed101_0003,186,1,0.6606186032295227,0.8250662088394165,673.4344482421875,364.4236145019531,700.1287841796875,394.8093566894531
Cosmos3_seed101_0003,186,2,0.17684903740882874,0.5636109709739685,2.67034912109375,256.754150390625,987.1264038085938,716.8346557617188
Cosmos3_seed101_0003,186,3,0.1469128429889679,0.4780138432979584,605.3189697265625,0.569732666015625,1241.9046630859375,715.7237548828125
Cosmos3_seed101_0003,186,4,0.14110490679740906,0.5520013570785522,436.38079833984375,174.78909301757812,593.9429321289062,371.4341735839844
Cosmos3_seed101_0003,186,5,0.10598650574684143,0.6337869167327881,1079.039306640625,549.106689453125,1125.66259765625,589.8870849609375
Cosmos3_seed101_0003,188,1,0.6494480967521667,0.8557041883468628,673.2738647460938,364.41009521484375,700.1614379882812,394.89349365234375
Cosmos3_seed101_0003,188,2,0.19013981521129608,0.5608415603637695,2.681976318359375,256.20849609375,987.928466796875,716.8218383789062
Cosmos3_seed101_0003,188,3,0.1424970030784607,0.46793606877326965,617.543701171875,0.52166748046875,1257.024658203125,715.806640625
Cosmos3_seed101_0003,188,4,0.13991384208202362,0.5605325102806091,436.1619873046875,174.77777099609375,593.66845703125,371.41650390625
Cosmos3_seed101_0003,188,5,0.10409015417098999,0.6064960956573486,1122.05126953125,546.2047729492188,1230.23193359375,635.7702026367188
LVP_0004,0,1,0.6418354511260986,0.9576781988143921,442.97235107421875,291.8341064453125,466.125,319.42376708984375
LVP_0004,0,2,0.1921817660331726,0.6411648988723755,1.4368896484375,173.60972595214844,632.4000244140625,477.93975830078125
LVP_0004,0,3,0.12704554200172424,0.6422678828239441,261.0603332519531,115.3731460571289,367.9428405761719,249.4158935546875
LVP_0004,0,4,0.11739030480384827,0.5676277875900269,405.93182373046875,0.6464996337890625,831.0338745117188,478.11334228515625
LVP_0004,3,1,0.6100879311561584,0.9172200560569763,443.02740478515625,291.8228759765625,466.1767578125,319.15509033203125
LVP_0004,3,2,0.21127064526081085,0.6483328342437744,1.149078369140625,173.29507446289062,627.4195556640625,477.8842468261719
LVP_0004,3,3,0.13532693684101105,0.6287791728973389,261.1085205078125,115.6466064453125,368.20697021484375,249.2672119140625
LVP_0004,3,4,0.1297808736562729,0.5714820623397827,411.0650329589844,0.6324920654296875,831.0054931640625,477.9403076171875
LVP_0004,6,1,0.5970650911331177,0.888701856136322,443.02984619140625,291.9820861816406,466.02313232421875,318.8191223144531
LVP_0004,6,2,0.21513593196868896,0.5923323035240173,1.349609375,174.5650177001953,633.252685546875,478.056640625
LVP_0004,6,3,0.15381836891174316,0.5710468292236328,430.357666015625,1.2866058349609375,831.0810546875,477.45758056640625
LVP_0004,6,4,0.13574692606925964,0.6226667761802673,261.1188659667969,115.75470733642578,368.0989074707031,249.3076171875
LVP_0004,9,1,0.5829532742500305,0.8822458982467651,443.0286560058594,292.17095947265625,466.2795715332031,319.25830078125
LVP_0004,9,2,0.18766026198863983,0.5842298269271851,1.1328125,174.67465209960938,634.1146240234375,477.6855773925781
LVP_0004,9,3,0.1771683543920517,0.5604788064956665,431.30865478515625,10.700286865234375,831.0206909179688,476.7528991699219
LVP_0004,9,4,0.14799073338508606,0.6368669867515564,261.20404052734375,115.6889419555664,367.9306640625,249.3388671875
LVP_0004,12,1,0.4118386209011078,0.7259721159934998,443.0169982910156,292.1655578613281,466.5635681152344,319.1205139160156
LVP_0004,12,2,0.2815220355987549,0.5684688091278076,428.793212890625,13.583053588867188,831.4000244140625,477.29638671875
LVP_0004,12,3,0.24445080757141113,0.616584300994873,261.32037353515625,115.70272064208984,367.9903564453125,249.38644409179688
LVP_0004,12,4,0.2053661197423935,0.5863850116729736,616.330078125,314.07476806640625,799.7171630859375,427.9423828125
LVP_0004,12,5,0.19886206090450287,0.5595811605453491,0.939605712890625,174.6210479736328,637.478515625,477.50994873046875
LVP_0004,12,6,0.16791079938411713,0.6876499652862549,696.80810546875,361.8254699707031,800.064697265625,427.8609313964844
LVP_0004,12,7,0.13707083463668823,0.724083423614502,696.3643188476562,359.95941162109375,731.3862915039062,400.66314697265625
LVP_0004,12,8,0.13271231949329376,0.616220235824585,617.326171875,314.3494873046875,731.264404296875,401.00579833984375
LVP_0004,12,9,0.12720972299575806,0.6103042364120483,426.9350280761719,135.3715362548828,536.6635131835938,318.58563232421875
LVP_0004,12,10,0.12166809290647507,0.7861095666885376,435.88653564453125,280.9715881347656,476.4063720703125,324.4145812988281
LVP_0004,12,11,0.10329476743936539,0.5765998363494873,741.2650756835938,441.97906494140625,817.4794311523438,479.16082763671875
LVP_0004,15,1,0.39623305201530457,0.7409746646881104,442.46490478515625,291.68255615234375,466.54107666015625,319.49072265625
LVP_0004,15,2,0.2878296375274658,0.5619149208068848,427.1618957519531,14.148330688476562,831.38330078125,477.52734375
LVP_0004,15,3,0.255071222782135,0.6169859170913696,261.3205261230469,115.83843231201172,368.0919494628906,249.45449829101562
LVP_0004,15,4,0.19799727201461792,0.5871213674545288,616.1022338867188,313.629150390625,799.6012573242188,427.97412109375
LVP_0004,15,5,0.19460749626159668,0.5622175335884094,1.14410400390625,174.2271728515625,637.2776489257812,477.513671875
LVP_0004,15,6,0.18835502862930298,0.672006368637085,696.818359375,361.4823913574219,800.0225830078125,427.6720275878906
LVP_0004,15,7,0.1371811479330063,0.7493254542350769,696.4097290039062,360.4442443847656,731.5857543945312,400.8965148925781
LVP_0004,15,8,0.13444209098815918,0.5996077060699463,425.4423522949219,136.87149047851562,537.082763671875,318.7994689941406
LVP_0004,15,9,0.12147718667984009,0.6261649131774902,617.0313110351562,314.13043212890625,731.0978393554688,400.89776611328125
LVP_0004,15,10,0.11460544914007187,0.8251073956489563,435.4039306640625,279.5155029296875,476.358642578125,324.74951171875
LVP_0004,15,11,0.11249203234910965,0.587253749370575,588.4956665039062,313.7716979980469,729.3948364257812,477.7655334472656
LVP_0004,15,12,0.10488897562026978,0.5818643569946289,741.4468994140625,441.4017028808594,817.293701171875,479.0702209472656
LVP_0004,18,1,0.37005865573883057,0.7785374522209167,442.26531982421875,291.32940673828125,466.55523681640625,319.30487060546875
LVP_0004,18,2,0.2921334207057953,0.5682549476623535,426.40350341796875,13.948272705078125,831.4616088867188,477.8307189941406
LVP_0004,18,3,0.2620214819908142,0.618455171585083,261.3372802734375,115.86463165283203,368.1361083984375,249.479736328125
LVP_0004,18,4,0.21255110204219818,0.677403450012207,696.7015380859375,361.6934814453125,800.0787353515625,428.12060546875
LVP_0004,18,5,0.20312276482582092,0.5747913122177124,617.0584106445312,339.83099365234375,800.0274047851562,427.81353759765625
LVP_0004,18,6,0.1984870582818985,0.563801109790802,0.781951904296875,173.8035430908203,637.77392578125,477.6533203125
LVP_0004,18,7,0.1597505360841751,0.7489974498748779,696.2352294921875,360.5453796386719,731.3538818359375,401.5655822753906
LVP_0004,18,8,0.1280042827129364,0.6332601308822632,616.1805419921875,313.763916015625,731.1700439453125,402.04217529296875
LVP_0004,18,9,0.10751338303089142,0.563793420791626,741.7294311523438,441.0797119140625,817.4662475585938,479.19757080078125
LVP_0004,18,10,0.10617121309041977,0.6031006574630737,424.9644470214844,137.6439971923828,536.5260009765625,318.73193359375
LVP_0004,18,11,0.10550114512443542,0.5463788509368896,586.4127197265625,239.78085327148438,831.4864501953125,478.2044982910156
LVP_0004,18,12,0.10315414518117905,0.5810909271240234,588.8927001953125,314.2252197265625,729.448974609375,477.66754150390625
LVP_0004,21,1,0.4356089234352112,0.7962527871131897,442.755615234375,290.9485778808594,466.47930908203125,319.4092712402344
LVP_0004,21,2,0.2697180509567261,0.5684860348701477,420.9403381347656,18.296356201171875,831.561279296875,477.1332702636719
LVP_0004,21,3,0.2282293438911438,0.6178020238876343,261.3849182128906,115.60706329345703,368.1219787597656,249.5181884765625
LVP_0004,21,4,0.1868637353181839,0.682874321937561,696.5158081054688,363.28509521484375,800.1856079101562,427.59991455078125
LVP_0004,21,5,0.18548670411109924,0.5601667761802673,0.887725830078125,174.43138122558594,639.0760498046875,477.67645263671875
LVP_0004,21,6,0.1780998408794403,0.5843994617462158,617.4176025390625,338.8812255859375,799.949462890625,427.36517333984375
LVP_0004,21,7,0.16602614521980286,0.7358166575431824,696.2589111328125,362.072998046875,731.0504150390625,401.306884765625
LVP_0004,21,8,0.13442003726959229,0.6008539199829102,618.8177490234375,339.4875793457031,730.8748779296875,401.3019104003906
LVP_0004,21,9,0.1084766536951065,0.5761604309082031,589.1223754882812,314.36669921875,729.5188598632812,477.57244873046875
LVP_0004,21,10,0.10643097013235092,0.5679870843887329,741.352294921875,442.0434875488281,817.23583984375,479.1905212402344
LVP_0004,21,11,0.10632014274597168,0.6124150156974792,420.2499694824219,143.50515747070312,523.369140625,318.424072265625
LVP_0004,21,12,0.10390420258045197,0.7037029266357422,612.0757446289062,313.63568115234375,637.3104858398438,382.4854736328125
LVP_0004,24,1,0.3979627788066864,0.769964873790741,443.77880859375,290.5359802246094,466.364013671875,319.2558898925781
LVP_0004,24,2,0.2780757248401642,0.5682542324066162,419.26507568359375,20.570327758789062,831.5415649414062,477.1627197265625
LVP_0004,24,3,0.24631008505821228,0.6180189847946167,261.37310791015625,115.73866271972656,368.1663818359375,249.4054412841797
LVP_0004,24,4,0.19996994733810425,0.5864003896713257,615.8878173828125,315.5631103515625,800.0728759765625,427.59075927734375
LVP_0004,24,5,0.19992992281913757,0.67507004737854,696.7290649414062,361.41949462890625,800.1892700195312,427.88946533203125
LVP_0004,24,6,0.17803074419498444,0.5560475587844849,0.932098388671875,173.39666748046875,638.0009765625,477.77593994140625
LVP_0004,24,7,0.16234230995178223,0.726457953453064,696.3052368164062,360.1747131347656,731.1582641601562,401.5160217285156
LVP_0004,24,8,0.16149505972862244,0.6372427940368652,418.3686218261719,149.55657958984375,518.41455078125,318.640869140625
LVP_0004,24,9,0.13808007538318634,0.6292445659637451,616.1904296875,314.06695556640625,730.771728515625,401.804443359375
LVP_0004,24,10,0.11017002910375595,0.7077728509902954,613.8787231445312,313.994140625,636.9140014648438,380.5572509765625
LVP_0004,24,11,0.10925611108541489,0.5654650330543518,740.7958984375,441.33160400390625,817.20361328125,479.24652099609375
LVP_0004,24,12,0.106374092400074,0.5768548250198364,591.2196044921875,314.9327697753906,728.4947509765625,477.7461242675781
LVP_0004,27,1,0.3810727298259735,0.7718378305435181,444.28057861328125,291.31243896484375,466.63079833984375,319.38861083984375
LVP_0004,27,2,0.3094100058078766,0.5584746599197388,418.2298278808594,20.906494140625,831.5400390625,477.03692626953125
LVP_0004,27,3,0.2500399947166443,0.6194957494735718,261.3970642089844,115.9167709350586,368.1181335449219,249.37905883789062
LVP_0004,27,4,0.18613621592521667,0.5460613965988159,1.05975341796875,174.76858520507812,638.4515380859375,477.7556457519531
LVP_0004,27,5,0.16290637850761414,0.5838315486907959,616.7023315429688,313.1382141113281,799.9519653320312,427.8416442871094
LVP_0004,27,6,0.16006337106227875,0.6080442070960999,417.8144226074219,150.0290985107422,521.505126953125,318.7823486328125
LVP_0004,27,7,0.15944798290729523,0.6805694699287415,696.5996704101562,362.4962158203125,800.3607788085938,427.60076904296875
LVP_0004,27,8,0.12447667866945267,0.7472633719444275,696.1090087890625,361.4931640625,731.64697265625,401.72161865234375
LVP_0004,27,9,0.11401867866516113,0.5812989473342896,589.82958984375,315.3855285644531,728.709228515625,477.7661437988281
LVP_0004,27,10,0.10885965079069138,0.6277461051940918,616.768310546875,314.1993713378906,730.8096923828125,401.5600891113281
LVP_0004,30,1,0.3288576602935791,0.7690397500991821,442.2408752441406,289.7624206542969,467.5185852050781,316.9360656738281
LVP_0004,30,2,0.2960685193538666,0.5525493621826172,418.07672119140625,25.927413940429688,831.3707885742188,477.389404296875
LVP_0004,30,3,0.2620336711406708,0.611426591873169,261.2817687988281,115.76095581054688,368.1800842285156,249.46707153320312
LVP_0004,30,4,0.2072993367910385,0.580815851688385,617.5535888671875,337.7306213378906,800.1571044921875,427.4255065917969
LVP_0004,30,5,0.20045536756515503,0.5512329339981079,0.920928955078125,174.4167938232422,638.4879150390625,477.65692138671875
LVP_0004,30,6,0.1793322116136551,0.6754896640777588,696.497314453125,362.7484436035156,800.306396484375,427.6628723144531
LVP_0004,30,7,0.17368273437023163,0.6047648191452026,417.59088134765625,154.67489624023438,528.8092651367188,316.2440185546875
LVP_0004,30,8,0.14716428518295288,0.5752019286155701,589.2543334960938,314.86224365234375,729.1896362304688,477.69317626953125
LVP_0004,30,9,0.14043225347995758,0.7459002733230591,696.0460815429688,361.6369323730469,731.5250854492188,401.1363220214844
LVP_0004,30,10,0.11679841578006744,0.6251122355461121,617.2074584960938,313.76220703125,730.7974243164062,401.89215087890625
LVP_0004,30,11,0.10440485179424286,0.5570356249809265,586.3088989257812,223.5028839111328,831.5187377929688,478.307861328125
LVP_0004,30,12,0.10032632201910019,0.5758056640625,741.1719360351562,440.9743957519531,817.3285522460938,479.1585388183594
LVP_0004,33,1,0.3257894515991211,0.5441622734069824,417.9110412597656,30.0985107421875,831.4111328125,477.2493896484375
LVP_0004,33,2,0.3030087351799011,0.6033456325531006,261.2906494140625,115.80113983154297,368.0841064453125,249.34005737304688
LVP_0004,33,3,0.2724835276603699,0.7332383394241333,446.2925720214844,287.7481994628906,466.9497985839844,305.1164245605469
LVP_0004,33,4,0.22677621245384216,0.5820401906967163,615.8870239257812,314.3471374511719,799.9413452148438,427.3672790527344
LVP_0004,33,5,0.21729159355163574,0.5443452596664429,1.1331787109375,173.51963806152344,637.5672607421875,477.5970458984375
LVP_0004,33,6,0.18047699332237244,0.613864541053772,417.413330078125,164.29443359375,529.849365234375,305.1833190917969
LVP_0004,33,7,0.1683933287858963,0.679568886756897,724.4928588867188,366.8057861328125,799.9596557617188,426.6519775390625
LVP_0004,33,8,0.11128825694322586,0.6339243650436401,616.2509155273438,314.2406311035156,730.8920288085938,401.0845031738281
LVP_0004,33,9,0.10686304420232773,0.7358067035675049,696.0712890625,361.5704345703125,731.597412109375,401.5228271484375
LVP_0004,36,1,0.32780054211616516,0.6113873720169067,261.26959228515625,115.64740753173828,368.0384521484375,249.2440185546875
LVP_0004,36,2,0.3148951232433319,0.5264163017272949,405.75665283203125,18.761917114257812,831.5731811523438,477.6019287109375
LVP_0004,36,3,0.2868257761001587,0.5824945569038391,615.9215698242188,314.96954345703125,800.2033081054688,427.55108642578125
LVP_0004,36,4,0.222971573472023,0.553650975227356,0.6558837890625,174.86143493652344,635.05615234375,477.9759521484375
LVP_0004,36,5,0.22249700129032135,0.6769458651542664,724.1915893554688,366.8140869140625,800.0199584960938,426.771240234375
LVP_0004,36,6,0.1489153951406479,0.7331193685531616,695.41650390625,360.10552978515625,731.024169921875,401.29412841796875
LVP_0004,36,7,0.13196924328804016,0.6289830803871155,615.5489501953125,313.8533020019531,730.3604736328125,401.1680603027344
LVP_0004,36,8,0.13005375862121582,0.6770864129066467,739.127685546875,376.2364196777344,782.97900390625,404.8433532714844
LVP_0004,36,9,0.11733568459749222,0.5812419056892395,741.4066162109375,440.9024963378906,817.7305908203125,479.2848205566406
LVP_0004,36,10,0.11721944808959961,0.5884053707122803,402.329833984375,126.50357055664062,522.8794555664062,244.6871337890625
LVP_0004,36,11,0.11096346378326416,0.5730383396148682,590.1209106445312,315.3984069824219,728.2515258789062,477.5082092285156
LVP_0004,36,12,0.10237650573253632,0.6764391660690308,613.1840209960938,313.1678771972656,638.2470092773438,381.0973205566406
LVP_0004,39,1,0.3269347548484802,0.6097477078437805,261.20928955078125,115.61520385742188,368.11810302734375,249.17263793945312
LVP_0004,39,2,0.28738895058631897,0.5188350677490234,369.302490234375,0.307281494140625,831.1190185546875,478.8077697753906
LVP_0004,39,3,0.2800769805908203,0.565900444984436,618.5708618164062,329.05987548828125,800.0651245117188,428.32928466796875
LVP_0004,39,4,0.2388000190258026,0.6547090411186218,696.2614135742188,363.19866943359375,800.0425415039062,427.780029296875
LVP_0004,39,5,0.22708967328071594,0.5939462184906006,0.537750244140625,174.82164001464844,634.7239990234375,478.261962890625
LVP_0004,39,6,0.1564967930316925,0.7299221158027649,695.6742553710938,363.0076904296875,731.9395141601562,402.6448974609375
LVP_0004,39,7,0.1421116292476654,0.6654146909713745,739.0634155273438,376.33233642578125,783.0878295898438,405.0247802734375
LVP_0004,39,8,0.12595701217651367,0.643191933631897,620.0387573242188,334.8583068847656,731.4113159179688,402.0007019042969
LVP_0004,39,9,0.12400894612073898,0.6655012369155884,613.44384765625,313.4130859375,637.19287109375,380.9798583984375
LVP_0004,39,10,0.12337516248226166,0.5980011820793152,741.5572509765625,441.1824035644531,817.5125732421875,479.3588562011719
LVP_0004,39,11,0.11450477689504623,0.582415759563446,594.5731201171875,316.57879638671875,728.2470703125,477.89508056640625
LVP_0004,39,12,0.10571751743555069,0.6385052800178528,591.8585815429688,462.0958251953125,683.8274536132812,478.9532470703125
LVP_0004,42,1,0.3129500150680542,0.5877201557159424,615.5450439453125,331.574462890625,800.3062744140625,427.0362548828125
LVP_0004,42,2,0.3047824203968048,0.621595025062561,261.2935485839844,115.5924072265625,368.4821472167969,249.3262939453125
LVP_0004,42,3,0.28359583020210266,0.6571334600448608,696.2160034179688,364.6144104003906,800.2337036132812,427.1459655761719
LVP_0004,42,4,0.23269778490066528,0.5091643333435059,320.4281921386719,1.399139404296875,756.3367919921875,478.25128173828125
LVP_0004,42,5,0.2127951979637146,0.5869224071502686,0.49761962890625,174.5838623046875,637.0986938476562,478.0465087890625
LVP_0004,42,6,0.13245312869548798,0.6417630910873413,613.4583129882812,313.15777587890625,638.5951538085938,381.1151123046875
LVP_0004,42,7,0.13039885461330414,0.7307197451591492,696.3405151367188,364.63238525390625,731.5000610351562,400.8699951171875
LVP_0004,42,8,0.1297954022884369,0.6089533567428589,740.8241577148438,440.4736328125,817.9710083007812,479.44818115234375
LVP_0004,42,9,0.12839099764823914,0.6631851196289062,740.5289916992188,376.248046875,783.2349243164062,404.86590576171875
LVP_0004,42,10,0.12607021629810333,0.6471326351165771,617.5632934570312,337.031982421875,730.8536987304688,400.88580322265625
LVP_0004,42,11,0.11080510914325714,0.5627045035362244,592.6618041992188,54.40559387207031,758.1959838867188,356.229736328125
LVP_0004,42,12,0.10694628953933716,0.5913369655609131,585.276611328125,314.76983642578125,815.158203125,478.5784912109375
LVP_0004,45,1,0.2939583957195282,0.5965262651443481,614.7994384765625,314.419677734375,800.1514892578125,427.78546142578125
LVP_0004,45,2,0.28833135962486267,0.613296627998352,261.2412109375,115.77304077148438,368.5618896484375,249.28634643554688
LVP_0004,45,3,0.2720802426338196,0.670931339263916,696.322509765625,364.6061096191406,800.2371826171875,427.4411926269531
LVP_0004,45,4,0.2660030424594879,0.5183076858520508,277.857421875,1.41375732421875,761.793701171875,477.9975891113281
LVP_0004,45,5,0.18228648602962494,0.5876814126968384,0.6448974609375,175.27630615234375,636.1861572265625,477.87078857421875
LVP_0004,45,6,0.1400100737810135,0.691474437713623,613.2017211914062,313.0970458984375,640.4564819335938,381.49639892578125
LVP_0004,45,7,0.12908777594566345,0.7437080144882202,696.0286865234375,364.3360900878906,732.145263671875,401.0556945800781
LVP_0004,45,8,0.12450007349252701,0.6574167013168335,740.5313720703125,376.2208557128906,782.9415283203125,404.4847717285156
LVP_0004,45,9,0.1160367950797081,0.5986490249633789,741.0520629882812,439.2446594238281,817.8796997070312,479.3302307128906
LVP_0004,45,10,0.10296251624822617,0.6616946458816528,618.764404296875,341.3976135253906,731.6695556640625,401.0096130371094
LVP_0004,48,1,0.307208776473999,0.6174423694610596,261.2796630859375,115.81229400634766,368.51751708984375,249.27066040039062
LVP_0004,48,2,0.28798580169677734,0.5922752618789673,615.099365234375,314.0621032714844,800.0748291015625,427.8155212402344
LVP_0004,48,3,0.2712249159812927,0.6539338827133179,696.203369140625,364.8389892578125,800.263671875,427.46466064453125
LVP_0004,48,4,0.26718223094940186,0.5205742120742798,277.0478820800781,1.4697265625,762.570556640625,477.8493957519531
LVP_0004,48,5,0.18703974783420563,0.5896109938621521,0.574737548828125,175.65811157226562,636.357666015625,477.8935241699219
LVP_0004,48,6,0.14334356784820557,0.6716064214706421,613.9160766601562,313.19384765625,637.9987182617188,381.70330810546875
LVP_0004,48,7,0.134162038564682,0.6419171094894409,740.4021606445312,376.28057861328125,783.1665649414062,404.9212646484375
LVP_0004,48,8,0.12896126508712769,0.7299613952636719,696.0724487304688,364.9079284667969,732.3407592773438,401.0776062011719
LVP_0004,48,9,0.1095656007528305,0.5742585062980652,740.8972778320312,439.0159606933594,817.8048706054688,479.3492126464844
LVP_0004,48,10,0.10476351529359818,0.5698938369750977,543.5277099609375,312.8987121582031,817.4703369140625,478.9472961425781
LVP_0004,48,11,0.10018711537122726,0.6568757891654968,618.2180786132812,341.4552001953125,731.7297973632812,401.1263427734375
