case,frame,n_crops,n_pairs,n_distinct_pairs,frame_score,best_pair,best_containment,best_iou
Cosmos2.5_0058,0,1,0,0,0.0,,,
Cosmos2.5_0058,3,1,0,0,0.0,,,
Cosmos2.5_0058,6,1,0,0,0.0,,,
Cosmos2.5_0058,9,1,0,0,0.0,,,
Cosmos2.5_0058,12,1,0,0,0.0,,,
Cosmos2.5_0058,15,2,1,1,0.3202137053012848,1-2,0.0,0.0
Cosmos2.5_0058,18,2,1,1,0.35818129777908325,1-2,0.0,0.0
Cosmos2.5_0058,21,2,1,1,0.293891966342926,1-2,0.0,0.0
Cosmos2.5_0058,24,2,1,1,0.5355935096740723,1-2,0.0,0.0
Cosmos2.5_0058,27,2,1,1,0.6120738387107849,1-2,0.0,0.0
Cosmos2.5_0058,30,2,1,1,0.5706413984298706,1-2,0.0,0.0
Cosmos2.5_0058,33,2,1,1,0.5898227095603943,1-2,0.0,0.0
Cosmos2.5_0058,36,2,1,1,0.5941936373710632,1-2,0.0,0.0
Cosmos2.5_0058,39,3,3,1,0.4889046251773834,1-2,0.0,0.0
Cosmos2.5_0058,42,3,3,2,0.5019891262054443,1-2,0.0,0.0
Cosmos2.5_0058,45,3,3,2,0.5478748083114624,1-2,0.0,0.0
Cosmos2.5_0058,48,3,3,2,0.591279923915863,1-2,0.0,0.0
Cosmos2.5_0058,51,3,3,2,0.5646776556968689,1-2,0.0,0.0
Cosmos2.5_0058,54,3,3,2,0.5948339700698853,1-2,0.0,0.0
Cosmos2.5_0058,57,3,3,2,0.5532741546630859,1-2,0.0,0.0
Cosmos2.5_0058,60,3,3,2,0.552005410194397,1-2,0.0,0.0
Cosmos2.5_0058,63,3,3,2,0.502679705619812,1-2,0.0,0.0
Cosmos2.5_0058,66,3,3,2,0.5115256905555725,1-2,0.0,0.0
Cosmos2.5_0058,69,3,3,2,0.5634219646453857,1-2,0.0,0.0
Cosmos2.5_0058,72,3,3,2,0.5421697497367859,1-2,0.0,0.0
Cosmos2.5_0058,75,3,3,2,0.5564413070678711,1-2,0.0,0.0
Cosmos2.5_0058,78,3,3,2,0.5597051978111267,1-2,0.0,0.0
Cosmos2.5_0058,81,3,3,2,0.46127408742904663,1-2,0.0,0.0
Cosmos2.5_0058,84,3,3,2,0.6044607758522034,1-2,0.0,0.0
Cosmos2.5_0058,87,3,3,2,0.6373960375785828,1-2,0.0,0.0
Cosmos2.5_0058,90,3,3,2,0.5525942444801331,1-2,0.0,0.0
Cosmos2.5_0058,92,3,3,2,0.5619940161705017,1-2,0.0,0.0
Cosmos2.5_0060,0,1,0,0,0.0,,,
Cosmos2.5_0060,3,1,0,0,0.0,,,
Cosmos2.5_0060,6,2,1,1,0.5453292727470398,1-2,0.0,0.0
Cosmos2.5_0060,9,2,1,1,0.5677007436752319,1-2,0.0,0.0
Cosmos2.5_0060,12,2,1,1,0.6749167442321777,1-2,0.0,0.0
Cosmos2.5_0060,15,2,1,1,0.6480138897895813,1-2,0.0,0.0
Cosmos2.5_0060,18,2,1,1,0.6983115077018738,1-2,0.0,0.0
Cosmos2.5_0060,21,2,1,1,0.6802295446395874,1-2,0.0,0.0
Cosmos2.5_0060,24,2,1,1,0.655958890914917,1-2,0.0,0.0
Cosmos2.5_0060,27,2,1,1,0.7254334092140198,1-2,0.0,0.0
Cosmos2.5_0060,30,2,1,1,0.6630113124847412,1-2,0.0,0.0
Cosmos2.5_0060,33,3,3,2,0.6596873998641968,1-2,0.0,0.0
Cosmos2.5_0060,36,3,3,2,0.60459965467453,1-2,0.0,0.0
Cosmos2.5_0060,39,3,3,2,0.6117847561836243,1-2,0.0,0.0
Cosmos2.5_0060,42,3,3,2,0.5602625608444214,1-3,0.0,0.0
Cosmos2.5_0060,45,3,3,2,0.6055601835250854,1-3,0.0,0.0
Cosmos2.5_0060,48,3,3,2,0.5942495465278625,1-3,0.0,0.0
Cosmos2.5_0060,51,3,3,2,0.5564867854118347,1-3,0.0,0.0
Cosmos2.5_0060,54,3,3,2,0.5108333230018616,1-3,0.0,0.0
Cosmos2.5_0060,57,3,3,2,0.4991750717163086,1-3,0.0,0.0
Cosmos2.5_0060,60,3,3,2,0.5301798582077026,1-3,0.0,0.0
Cosmos2.5_0060,63,3,3,2,0.5695029497146606,1-3,0.0,0.0
Cosmos2.5_0060,66,3,3,2,0.5031800866127014,1-3,0.0,0.0
Cosmos2.5_0060,69,3,3,2,0.5170426368713379,1-3,0.0,0.0
Cosmos2.5_0060,72,3,3,2,0.4712449312210083,1-2,0.0,0.0
Cosmos2.5_0060,75,3,3,2,0.47949573397636414,1-3,0.0,0.0
Cosmos2.5_0060,78,3,3,2,0.4579198658466339,2-3,0.0,0.0
Cosmos2.5_0060,81,3,3,2,0.5086994767189026,1-3,0.0,0.0
Cosmos2.5_0060,84,3,3,2,0.4825931489467621,1-3,0.0,0.0
Cosmos2.5_0060,87,3,3,2,0.4955480992794037,1-3,0.0,0.0
Cosmos2.5_0060,90,3,3,2,0.503384530544281,1-3,0.0,0.0
Cosmos2.5_0060,92,3,3,2,0.4174918532371521,2-3,0.0,0.0
Cosmos3_seed101_0010,0,2,1,1,0.6769579648971558,1-2,0.0,0.0
Cosmos3_seed101_0010,3,2,1,1,0.6597524881362915,1-2,0.0,0.0
Cosmos3_seed101_0010,6,2,1,1,0.6620730757713318,1-2,0.0,0.0
Cosmos3_seed101_0010,9,2,1,1,0.6711921691894531,1-2,0.0,0.0
Cosmos3_seed101_0010,12,2,1,1,0.6313107013702393,1-2,0.0,0.0
Cosmos3_seed101_0010,15,2,1,1,0.6422126293182373,1-2,0.0,0.0
Cosmos3_seed101_0010,18,2,1,1,0.6558204889297485,1-2,0.0,0.0
Cosmos3_seed101_0010,21,2,1,1,0.6229061484336853,1-2,0.0,0.0
Cosmos3_seed101_0010,24,2,1,1,0.6265775561332703,1-2,0.0,0.0
Cosmos3_seed101_0010,27,2,1,1,0.6550332903862,1-2,0.0,0.0
Cosmos3_seed101_0010,30,2,1,1,0.6777582764625549,1-2,0.0,0.0
Cosmos3_seed101_0010,33,2,1,1,0.6861192584037781,1-2,0.0,0.0
Cosmos3_seed101_0010,36,2,1,1,0.6609539985656738,1-2,0.0,0.0
Cosmos3_seed101_0010,39,2,1,1,0.6714869141578674,1-2,0.0,0.0
Cosmos3_seed101_0010,42,2,1,1,0.6784253120422363,1-2,0.0,0.0
Cosmos3_seed101_0010,45,2,1,1,0.6703090667724609,1-2,0.0,0.0
Cosmos3_seed101_0010,48,2,1,1,0.6667760610580444,1-2,0.0,0.0
Cosmos3_seed101_0010,51,2,1,1,0.6941468715667725,1-2,0.0,0.0
Cosmos3_seed101_0010,54,2,1,1,0.6568631529808044,1-2,0.0,0.0
Cosmos3_seed101_0010,57,2,1,1,0.687995970249176,1-2,0.0,0.0
Cosmos3_seed101_0010,60,3,3,3,0.695614755153656,1-2,0.0,0.0
Cosmos3_seed101_0010,63,3,3,3,0.6805768013000488,1-2,0.0,0.0
Cosmos3_seed101_0010,66,3,3,3,0.7018935084342957,2-3,0.0,0.0
Cosmos3_seed101_0010,69,3,3,3,0.6968802809715271,1-2,0.0,0.0
Cosmos3_seed101_0010,72,3,3,3,0.7099475264549255,1-2,0.0,0.0
Cosmos3_seed101_0010,75,3,3,3,0.659089207649231,2-3,0.0,0.0
Cosmos3_seed101_0010,78,3,3,3,0.6847980618476868,2-3,0.0,0.0
Cosmos3_seed101_0010,81,3,3,3,0.6701467037200928,1-2,0.0,0.0
Cosmos3_seed101_0010,84,3,3,3,0.6874382495880127,1-2,0.0,0.0
Cosmos3_seed101_0010,87,3,3,3,0.686538815498352,2-3,0.0,0.0
Cosmos3_seed101_0010,90,3,3,3,0.717988133430481,2-3,0.0,0.0
Cosmos3_seed101_0010,93,3,3,3,0.522868812084198,2-3,0.0,0.0
Cosmos3_seed101_0010,96,3,3,3,0.5484421849250793,1-3,0.0,0.0
Cosmos3_seed101_0010,99,2,1,1,0.5498709082603455,1-2,0.0,0.0
Cosmos3_seed101_0010,102,2,1,1,0.5544118285179138,1-2,0.0,0.0
Cosmos3_seed101_0010,105,2,1,1,0.5988463163375854,1-2,0.0,0.0
Cosmos3_seed101_0010,108,2,1,1,0.5821748375892639,1-2,0.0,0.0
Cosmos3_seed101_0010,111,2,1,1,0.5764977335929871,1-2,0.0,0.0
Cosmos3_seed101_0010,114,2,1,1,0.5132766962051392,1-2,0.0,0.0
Cosmos3_seed101_0010,117,2,1,1,0.46795862913131714,1-2,0.0,0.0
Cosmos3_seed101_0010,120,2,1,1,0.43133485317230225,1-2,0.0,0.0
Cosmos3_seed101_0010,123,2,1,1,0.4696267247200012,1-2,0.0,0.0
Cosmos3_seed101_0010,126,2,1,1,0.453318327665329,1-2,0.0,0.0
Cosmos3_seed101_0010,129,2,1,1,0.4685295820236206,1-2,0.0,0.0
Cosmos3_seed101_0010,132,3,3,3,0.39770713448524475,1-2,0.0,0.0
Cosmos3_seed101_0010,135,3,3,3,0.42175573110580444,1-2,0.0,0.0
Cosmos3_seed101_0010,138,2,1,1,0.521303117275238,1-2,0.0,0.0
Cosmos3_seed101_0010,141,3,3,3,0.5571197271347046,1-2,0.0,0.0
Cosmos3_seed101_0010,144,3,3,3,0.5653800368309021,1-2,0.0,0.0
Cosmos3_seed101_0010,147,2,1,1,0.5385228991508484,1-2,0.0,0.0
Cosmos3_seed101_0010,150,2,1,1,0.5138044953346252,1-2,0.0,0.0
Cosmos3_seed101_0010,153,2,1,1,0.5693547129631042,1-2,0.0,0.0
Cosmos3_seed101_0010,156,2,1,1,0.6026352643966675,1-2,0.0,0.0
Cosmos3_seed101_0010,159,2,1,1,0.5116405487060547,1-2,0.0,0.0
Cosmos3_seed101_0010,162,2,1,1,0.4706766605377197,1-2,0.0,0.0
Cosmos3_seed101_0010,165,2,1,1,0.4733288288116455,1-2,0.0,0.0
Cosmos3_seed101_0010,168,2,1,1,0.45624732971191406,1-2,0.0,0.0
Cosmos3_seed101_0010,171,2,1,1,0.39800143241882324,1-2,0.0,0.0
Cosmos3_seed101_0010,174,2,1,1,0.4227551817893982,1-2,0.0,0.0
Cosmos3_seed101_0010,177,2,1,1,0.48689693212509155,1-2,0.0,0.0
Cosmos3_seed101_0010,180,2,1,1,0.5158789753913879,1-2,0.0,0.0
Cosmos3_seed101_0010,183,2,1,1,0.543856680393219,1-2,0.0,0.0
Cosmos3_seed101_0010,186,2,1,1,0.562322199344635,1-2,0.0,0.0
Cosmos3_seed101_0010,188,2,1,1,0.517103374004364,1-2,0.0,0.0
Cosmos3_seed101_0020,0,1,0,0,0.0,,,
Cosmos3_seed101_0020,3,1,0,0,0.0,,,
Cosmos3_seed101_0020,6,1,0,0,0.0,,,
Cosmos3_seed101_0020,9,1,0,0,0.0,,,
Cosmos3_seed101_0020,12,1,0,0,0.0,,,
Cosmos3_seed101_0020,15,1,0,0,0.0,,,
Cosmos3_seed101_0020,18,1,0,0,0.0,,,
Cosmos3_seed101_0020,21,1,0,0,0.0,,,
Cosmos3_seed101_0020,24,1,0,0,0.0,,,
Cosmos3_seed101_0020,27,1,0,0,0.0,,,
Cosmos3_seed101_0020,30,1,0,0,0.0,,,
Cosmos3_seed101_0020,33,1,0,0,0.0,,,
Cosmos3_seed101_0020,36,1,0,0,0.0,,,
Cosmos3_seed101_0020,39,1,0,0,0.0,,,
Cosmos3_seed101_0020,42,1,0,0,0.0,,,
Cosmos3_seed101_0020,45,3,3,0,0.0,,,
Cosmos3_seed101_0020,48,1,0,0,0.0,,,
Cosmos3_seed101_0020,51,1,0,0,0.0,,,
Cosmos3_seed101_0020,54,2,1,0,0.0,,,
Cosmos3_seed101_0020,57,3,3,0,0.0,,,
Cosmos3_seed101_0020,60,3,3,0,0.0,,,
Cosmos3_seed101_0020,63,3,3,0,0.0,,,
Cosmos3_seed101_0020,66,2,1,0,0.0,,,
Cosmos3_seed101_0020,69,1,0,0,0.0,,,
Cosmos3_seed101_0020,72,1,0,0,0.0,,,
Cosmos3_seed101_0020,75,1,0,0,0.0,,,
Cosmos3_seed101_0020,78,1,0,0,0.0,,,
Cosmos3_seed101_0020,81,1,0,0,0.0,,,
Cosmos3_seed101_0020,84,2,1,0,0.0,,,
Cosmos3_seed101_0020,87,2,1,0,0.0,,,
Cosmos3_seed101_0020,90,2,1,0,0.0,,,
Cosmos3_seed101_0020,93,2,1,0,0.0,,,
Cosmos3_seed101_0020,96,3,3,0,0.0,,,
Cosmos3_seed101_0020,99,3,3,0,0.0,,,
Cosmos3_seed101_0020,102,3,3,0,0.0,,,
Cosmos3_seed101_0020,105,3,3,0,0.0,,,
Cosmos3_seed101_0020,108,3,3,0,0.0,,,
Cosmos3_seed101_0020,111,3,3,0,0.0,,,
Cosmos3_seed101_0020,114,3,3,0,0.0,,,
Cosmos3_seed101_0020,117,3,3,0,0.0,,,
Cosmos3_seed101_0020,120,3,3,3,0.37616297602653503,1-2,0.0,0.0
Cosmos3_seed101_0020,123,2,1,0,0.0,,,
Cosmos3_seed101_0020,126,3,3,1,0.5926842093467712,2-3,0.08111173093573397,0.031547727709041
Cosmos3_seed101_0020,129,3,3,1,0.6957749128341675,2-3,0.11945637212298665,0.04757298195986076
Cosmos3_seed101_0020,132,3,3,1,0.7103069424629211,2-3,0.047519316357878386,0.02360976617903586
Cosmos3_seed101_0020,135,3,3,1,0.6297507286071777,1-3,0.010477586321392902,0.005027550256135397
Cosmos3_seed101_0020,138,3,3,1,0.58086758852005,1-3,0.0,0.0
Cosmos3_seed101_0020,141,2,1,1,0.7170673608779907,1-2,0.0,0.0
Cosmos3_seed101_0020,144,2,1,1,0.691625714302063,1-2,0.0,0.0
Cosmos3_seed101_0020,147,2,1,1,0.6017786264419556,1-2,0.0,0.0
Cosmos3_seed101_0020,150,2,1,1,0.4355977773666382,1-2,0.0,0.0
Cosmos3_seed101_0020,153,2,1,1,0.42985570430755615,1-2,0.0,0.0
Cosmos3_seed101_0020,156,3,3,1,0.47623521089553833,1-2,0.0,0.0
Cosmos3_seed101_0020,159,3,3,1,0.5203850865364075,1-2,0.0,0.0
Cosmos3_seed101_0020,162,3,3,1,0.49328023195266724,1-2,0.0,0.0
Cosmos3_seed101_0020,165,3,3,1,0.6148156523704529,1-2,0.0,0.0
Cosmos3_seed101_0020,168,3,3,1,0.6878525018692017,1-2,0.0,0.0
Cosmos3_seed101_0020,171,3,3,1,0.6404610872268677,1-2,0.0,0.0
Cosmos3_seed101_0020,174,3,3,1,0.7303260564804077,1-2,0.0,0.0
Cosmos3_seed101_0020,177,2,1,1,0.7844986319541931,1-2,0.0,0.0
Cosmos3_seed101_0020,180,3,3,1,0.7683607339859009,1-2,0.0,0.0
Cosmos3_seed101_0020,183,3,3,1,0.7342267632484436,1-2,0.0,0.0
Cosmos3_seed101_0020,186,3,3,1,0.8188588619232178,1-2,0.0,0.0
Cosmos3_seed101_0020,188,3,3,1,0.8085498809814453,1-2,0.0,0.0
Cosmos3_seed101_0036,0,3,3,3,0.18239285051822662,2-3,0.0,0.0
Cosmos3_seed101_0036,3,3,3,1,0.1201828122138977,1-2,0.0,0.0
Cosmos3_seed101_0036,6,3,3,3,0.22819343209266663,2-3,0.0,0.0
Cosmos3_seed101_0036,9,3,3,1,0.13162171840667725,1-2,0.0,0.0
Cosmos3_seed101_0036,12,3,3,3,0.3836430609226227,2-3,0.0,0.0
Cosmos3_seed101_0036,15,3,3,1,0.10462722182273865,1-3,0.0,0.0
Cosmos3_seed101_0036,18,3,3,2,0.12800434231758118,1-3,0.0,0.0
Cosmos3_seed101_0036,21,3,3,3,0.24275507032871246,2-3,0.0,0.0
Cosmos3_seed101_0036,24,3,3,3,0.3397158086299896,2-3,0.0,0.0
Cosmos3_seed101_0036,27,3,3,3,0.1579274982213974,1-2,0.0,0.0
Cosmos3_seed101_0036,30,3,3,3,0.37450116872787476,2-3,0.0,0.0
Cosmos3_seed101_0036,33,3,3,1,0.14508818089962006,1-2,0.0,0.0
Cosmos3_seed101_0036,36,3,3,1,0.17793013155460358,1-2,0.0,0.0
Cosmos3_seed101_0036,39,3,3,1,0.13292282819747925,1-2,0.0,0.0
Cosmos3_seed101_0036,42,3,3,3,0.30815526843070984,2-3,0.0,0.0
Cosmos3_seed101_0036,45,3,3,3,0.25426483154296875,2-3,0.0,0.0
Cosmos3_seed101_0036,48,3,3,3,0.20182634890079498,2-3,0.0,0.0
Cosmos3_seed101_0036,51,3,3,3,0.1829407513141632,2-3,0.0,0.0
Cosmos3_seed101_0036,54,3,3,3,0.2461138367652893,2-3,0.0,0.0
Cosmos3_seed101_0036,57,3,3,3,0.24448907375335693,1-2,0.08884280305875038,0.04066963202216722
Cosmos3_seed101_0036,60,3,3,3,0.2983722686767578,1-3,0.0,0.0
Cosmos3_seed101_0036,63,3,3,3,0.2056523561477661,2-3,0.0,0.0
Cosmos3_seed101_0036,66,3,3,3,0.3172871470451355,2-3,0.0,0.0
Cosmos3_seed101_0036,69,3,3,3,0.2961769700050354,1-3,0.0,0.0
Cosmos3_seed101_0036,72,3,3,1,0.26727840304374695,1-3,0.09078746883642332,0.04349728769805826
Cosmos3_seed101_0036,75,3,3,0,0.0,,,
Cosmos3_seed101_0036,78,3,3,2,0.2931177020072937,1-3,0.0,0.0
Cosmos3_seed101_0036,81,3,3,1,0.27485719323158264,1-2,0.3220370326435346,0.1411038423710299
Cosmos3_seed101_0036,84,3,3,0,0.0,,,
Cosmos3_seed101_0036,87,3,3,1,0.40164661407470703,1-3,0.2059118392807738,0.10249971529101527
Cosmos3_seed101_0036,90,3,3,1,0.29021361470222473,1-3,0.18459125740583873,0.10097415374513131
Cosmos3_seed101_0036,93,3,3,1,0.43922245502471924,1-3,0.23370084854398698,0.12293521905427397
Cosmos3_seed101_0036,96,3,3,1,0.3865976631641388,1-3,0.1979493309529781,0.10525853852521162
Cosmos3_seed101_0036,99,3,3,1,0.3771517276763916,1-3,0.1856578720287716,0.09828428928105441
Cosmos3_seed101_0036,102,3,3,1,0.30182984471321106,1-3,0.17042328076377958,0.09212073739324976
Cosmos3_seed101_0036,105,3,3,1,0.3488604724407196,1-3,0.18831730282185166,0.10011032387705822
Cosmos3_seed101_0036,108,3,3,3,0.42000147700309753,1-2,0.2498546397398992,0.13674501054365507
Cosmos3_seed101_0036,111,3,3,1,0.37055331468582153,1-3,0.1831089704721159,0.0981247709240894
Cosmos3_seed101_0036,114,3,3,1,0.36602362990379333,1-2,0.25479421578419065,0.13995185253875192
Cosmos3_seed101_0036,117,3,3,1,0.3160971403121948,1-2,0.12866363136385248,0.060475985552143
Cosmos3_seed101_0036,120,3,3,3,0.36875054240226746,2-3,0.0,0.0
Cosmos3_seed101_0036,123,3,3,3,0.5538026094436646,2-3,0.0937060284145139,0.02938044381229741
Cosmos3_seed101_0036,126,3,3,3,0.45129159092903137,2-3,0.0,0.0
Cosmos3_seed101_0036,129,3,3,2,0.2326081246137619,2-3,0.0,0.0
Cosmos3_seed101_0036,132,3,3,1,0.9157558679580688,1-2,0.0,0.0
Cosmos3_seed101_0036,135,3,3,2,0.6245359778404236,1-2,0.0,0.0
Cosmos3_seed101_0036,138,3,3,3,0.5694711208343506,1-2,0.0,0.0
Cosmos3_seed101_0036,141,3,3,3,0.37592813372612,1-2,0.0,0.0
Cosmos3_seed101_0036,144,3,3,2,0.37998008728027344,1-2,0.0,0.0
Cosmos3_seed101_0036,147,3,3,2,0.40003350377082825,1-2,0.0,0.0
Cosmos3_seed101_0036,150,3,3,2,0.4505046606063843,1-2,0.0,0.0
Cosmos3_seed101_0036,153,3,3,2,0.33746251463890076,1-2,0.0,0.0
Cosmos3_seed101_0036,156,3,3,3,0.41944998502731323,1-2,0.0,0.0
Cosmos3_seed101_0036,159,3,3,3,0.27715128660202026,1-2,0.0,0.0
Cosmos3_seed101_0036,162,3,3,3,0.4306635558605194,1-2,0.0,0.0
Cosmos3_seed101_0036,165,3,3,3,0.3412923216819763,1-2,0.0,0.0
Cosmos3_seed101_0036,168,3,3,3,0.5072337985038757,1-2,0.0,0.0
Cosmos3_seed101_0036,171,3,3,3,0.6421210169792175,1-2,0.0,0.0
Cosmos3_seed101_0036,174,3,3,2,0.7149778604507446,1-2,0.0,0.0
Cosmos3_seed101_0036,177,3,3,3,0.7709306478500366,1-2,0.0,0.0
Cosmos3_seed101_0036,180,3,3,3,0.7632034420967102,1-2,0.0,0.0
Cosmos3_seed101_0036,183,3,3,1,0.828493595123291,1-2,0.0,0.0
Cosmos3_seed101_0036,186,3,3,1,0.8266304135322571,1-2,0.0,0.0
Cosmos3_seed101_0036,188,3,3,3,0.8156726956367493,1-2,0.0,0.0
LVP_0030,0,2,1,0,0.0,,,
LVP_0030,3,2,1,0,0.0,,,
LVP_0030,6,2,1,0,0.0,,,
LVP_0030,9,2,1,0,0.0,,,
LVP_0030,12,2,1,0,0.0,,,
LVP_0030,15,2,1,0,0.0,,,
LVP_0030,18,3,3,2,0.18569421768188477,1-2,0.0,0.0
LVP_0030,21,3,3,2,0.21401207149028778,1-2,0.0,0.0
LVP_0030,24,3,3,2,0.3101508617401123,1-2,0.0,0.0
LVP_0030,27,2,1,0,0.0,,,
LVP_0030,30,2,1,0,0.0,,,
LVP_0030,33,2,1,0,0.0,,,
LVP_0030,36,2,1,0,0.0,,,
LVP_0030,39,3,3,1,0.4282833933830261,1-2,0.003165419399701379,0.001211846316603343
LVP_0030,42,3,3,1,0.3012571632862091,1-2,0.017207408299258962,0.006517320836108925
LVP_0030,45,3,3,1,0.7843929529190063,1-2,0.0,0.0
LVP_0030,48,3,3,1,0.7866881489753723,1-2,0.0,0.0
