case,start,end,frames,pred,pA,pB,pC_dup,pD_disappear,violation_score
Cosmos2.5_0016,0,5,"0,1,2,3,4,5",A,0.9999487400054932,3.53556897607632e-05,1.3006630979361944e-05,2.902171900132089e-06,0.003358664775987563
Cosmos2.5_0016,4,9,"4,5,6,7,8,9",A,0.9998409748077393,9.609637345420197e-05,3.535188079695217e-05,2.753207263594959e-05,0.011093214016000275
Cosmos2.5_0016,8,13,"8,9,10,11,12,13",A,0.9989640712738037,0.00020325758669059724,0.00012328196316957474,0.0007094386965036392,0.09343494530185126
Cosmos2.5_0016,12,17,"12,13,14,15,16,17",A,0.9983072280883789,9.5948955276981e-05,9.5948955276981e-05,0.0015008941991254687,0.16448176320409402
Cosmos2.5_0016,16,21,"16,17,18,19,20,21",A,0.9927756786346436,0.00020199845312163234,0.0003330391482450068,0.006689270026981831,0.7123308401787654
Cosmos2.5_0016,20,25,"20,21,22,23,24,25",A,0.9961695075035095,0.0011663945624604821,0.0014976802049204707,0.0011663945624604821,0.3247272048611194
Cosmos2.5_0016,24,29,"24,25,26,27,28,29",A,0.9982131719589233,0.0005520961130969226,0.001168787362985313,6.593847501790151e-05,0.15107738945516758
Cosmos2.5_0016,28,33,"28,29,30,31,32,33",A,0.9753410816192627,0.0014663658803328872,0.022937823086977005,0.00025481617194600403,2.3925822199089453
Cosmos2.5_0016,32,37,"32,33,34,35,36,37",C,0.029266150668263435,0.0006882738671265543,0.9691618084907532,0.0008837611530907452,97.03897065774072
Cosmos2.5_0016,36,41,"36,37,38,39,40,41",C,0.006685975007712841,0.00022878147137816995,0.9922866821289062,0.0007985258707776666,99.3199598735373
Cosmos2.5_0016,40,45,"40,41,42,43,44,45",C,0.02926919050514698,0.000688345346134156,0.9692624807357788,0.0007799974991939962,97.03866509080399
Cosmos2.5_0016,44,49,"44,45,46,47,48,49",C,0.022947397083044052,0.0006929513183422387,0.9757481217384338,0.000611527357250452,97.67061247548554
Cosmos2.5_0016,48,53,"48,49,50,51,52,53",C,0.017962627112865448,0.000614647229667753,0.9807261824607849,0.000696486618835479,98.17299926944543
Cosmos2.5_0016,52,57,"52,53,54,55,56,57",C,0.1817554086446762,0.002592601580545306,0.8145712018013,0.0010807571234181523,81.69482597149909
Cosmos2.5_0016,56,61,"56,57,58,59,60,61",C,0.0756182074546814,0.0017783698858693242,0.9212183952331543,0.0013849957613274455,92.34925759374164
Cosmos2.5_0016,60,65,"60,61,62,63,64,65",C,0.37531039118766785,0.004169322084635496,0.6187822222709656,0.0017380320932716131,62.260491540655494
Cosmos2.5_0016,64,69,"64,65,66,67,68,69",C,0.0599752776324749,0.001098485547117889,0.9381712079048157,0.0007549773436039686,93.94754280219786
Cosmos2.5_0016,68,73,"68,69,70,71,72,73",C,0.07563401758670807,0.00156973407138139,0.9214109182357788,0.001385285286232829,92.35810705577023
Cosmos2.5_0016,72,77,"72,73,74,75,76,77",C,0.22170230746269226,0.003162413602694869,0.7738170623779297,0.0013182902475818992,77.6716559426859
Cosmos2.5_0016,76,81,"76,77,78,79,80,81",C,0.4361192584037781,0.002938548568636179,0.5599882006645203,0.0009540071478113532,56.24114820966497
Cosmos2.5_0016,80,85,"80,81,82,83,84,85",C,0.4365966022014618,0.002291048876941204,0.5606011748313904,0.0005112020880915225,56.22579013579525
Cosmos2.5_0016,84,89,"84,85,86,87,88,89",A,0.5610527396202087,0.0017857078928500414,0.436948299407959,0.00021327240392565727,43.805442575830966
Cosmos2.5_0016,88,92,"88,89,90,91,92",A,0.5608472228050232,0.0017850537551566958,0.43678826093673706,0.0005795221077278256,43.82603099220432
Cosmos2.5_0058,0,5,"0,1,2,3,4,5",A,0.9995125532150269,0.00043053258559666574,4.537780114333145e-05,1.1473304766695946e-05,0.027211739870836027
Cosmos2.5_0058,4,9,"4,5,6,7,8,9",A,0.9996390342712402,0.00033534152316860855,2.1437666873680428e-05,4.221326889819466e-06,0.019332975534780417
Cosmos2.5_0058,8,13,"8,9,10,11,12,13",A,0.999139666557312,0.0007095634355209768,0.00012330363097134978,2.7512760425452143e-05,0.05055981091572903
Cosmos2.5_0058,12,17,"12,13,14,15,16,17",A,0.99985671043396,9.60978795774281e-05,4.539342626230791e-05,1.7600941646378487e-06,0.009520246021565981
Cosmos2.5_0058,16,21,"16,17,18,19,20,21",A,0.99988853931427,7.484349043807015e-05,3.535356154316105e-05,1.209732317875023e-06,0.007398503908007115
Cosmos2.5_0058,20,25,"20,21,22,23,24,25",A,0.9995285272598267,0.0002611353702377528,0.00020337244495749474,6.959021902730456e-06,0.03408991519791016
Cosmos2.5_0058,24,29,"24,25,26,27,28,29",A,0.9995830655097961,0.00020338353351689875,0.00020338353351689875,1.0125869266630616e-05,0.031520116954197874
Cosmos2.5_0058,28,33,"28,29,30,31,32,33",A,0.9991990923881531,0.0004303975438233465,0.00033519393764436245,3.532918344717473e-05,0.05857218930032104
Cosmos2.5_0058,32,37,"32,33,34,35,36,37",A,0.9989243149757385,0.00033510179491713643,0.0007094104657880962,3.116932202829048e-05,0.09081306852749549
Cosmos2.5_0058,36,41,"36,37,38,39,40,41",A,0.9969262480735779,0.0005513842916116118,0.0024711331352591515,5.128673365106806e-05,0.27981120147160254
Cosmos2.5_0058,40,45,"40,41,42,43,44,45",A,0.9960711002349854,0.0007073841989040375,0.0031702760607004166,5.12427395733539e-05,0.3575210899725789
Cosmos2.5_0058,44,49,"44,45,46,47,48,49",A,0.9958266615867615,0.0009080764139071107,0.003169498173519969,9.571055124979466e-05,0.3719246931723319
Cosmos2.5_0058,48,53,"48,49,50,51,52,53",A,0.9819720387458801,0.0031254019122570753,0.014007078483700752,0.0008954426157288253,1.6465222055558115
Cosmos2.5_0058,52,57,"52,53,54,55,56,57",A,0.9666028618812561,0.003076485125347972,0.02918887883424759,0.0011317755561321974,3.1858896953053772
Cosmos2.5_0058,56,61,"56,57,58,59,60,61",A,0.993421733379364,0.0011631771922111511,0.005212998948991299,0.00020212990057189018,0.5996717445668764
Cosmos2.5_0058,60,65,"60,61,62,63,64,65",A,0.9802435636520386,0.0014737366000190377,0.017953788861632347,0.0003288350999355316,1.9019492261577398
Cosmos2.5_0058,64,69,"64,65,66,67,68,69",A,0.9357914924621582,0.0029784191865473986,0.05982314795255661,0.001406905590556562,6.271926313638687
Cosmos2.5_0058,68,73,"68,69,70,71,72,73",A,0.9466536045074463,0.0038687570486217737,0.04713110625743866,0.002346519846469164,5.141200462821871
Cosmos2.5_0058,72,77,"72,73,74,75,76,77",A,0.9739879965782166,0.002414274960756302,0.022906003519892693,0.000691701308824122,2.4804842309094965
Cosmos2.5_0058,76,81,"76,77,78,79,80,81",A,0.9967633485794067,0.0007078758208081126,0.0024707294069230556,5.8105983043788e-05,0.28827733003709
Cosmos2.5_0058,80,85,"80,81,82,83,84,85",A,0.9978029131889343,0.00026068452280014753,0.0019262128043919802,1.0107836715178564e-05,0.20666629025072325
Cosmos2.5_0058,84,89,"84,85,86,87,88,89",A,0.9986196756362915,0.00020318751921877265,0.0011692633852362633,7.878435098973569e-06,0.12787355799446232
Cosmos2.5_0058,88,92,"88,89,90,91,92",A,0.9994552731513977,0.00020335752924438566,0.0003352798812557012,6.140865480119828e-06,0.044309951135801384
Cosmos2.5_0060,0,5,"0,1,2,3,4,5",A,0.9996777772903442,0.00015841025742702186,0.00015841025742702186,5.420501111075282e-06,0.024303588725160807
Cosmos2.5_0060,4,9,"4,5,6,7,8,9",A,0.9992214441299438,0.0003352014464326203,0.0004304071771912277,1.2997170415474102e-05,0.06110050708230119
Cosmos2.5_0060,8,13,"8,9,10,11,12,13",A,0.9998063445091248,9.609304106561467e-05,9.609304106561467e-05,1.5531993540207623e-06,0.014569276095244277
Cosmos2.5_0060,12,17,"12,13,14,15,16,17",A,0.9996397495269775,9.607702668290585e-05,0.0002611644158605486,2.901275138356141e-06,0.03121042043403577
Cosmos2.5_0060,16,21,"16,17,18,19,20,21",A,0.9930047392845154,0.0002594309626147151,0.0066908132284879684,4.508234633249231e-05,0.6865611056127818
Cosmos2.5_0060,20,25,"20,21,22,23,24,25",A,0.9162381291389465,0.0048079765401780605,0.07520940154790878,0.0037444557528942823,8.13578455708921
Cosmos2.5_0060,24,29,"24,25,26,27,28,29",A,0.9751253128051758,0.0014660415472462773,0.0229327492415905,0.00047595406067557633,2.4141724075889215
Cosmos2.5_0060,28,33,"28,29,30,31,32,33",A,0.9886347055435181,0.00033164999331347644,0.010982740670442581,5.086017699795775e-05,1.1199425844097277
Cosmos2.5_0060,32,37,"32,33,34,35,36,37",A,0.9881823658943176,0.0007017818279564381,0.010977715253829956,0.0001381890324410051,1.146679520024918
Cosmos2.5_0060,36,41,"36,37,38,39,40,41",A,0.9519289135932922,0.0005264970241114497,0.04739375039935112,0.00015084391634445637,4.78078428277513
Cosmos2.5_0060,40,45,"40,41,42,43,44,45",A,0.9618492126464844,0.0006830806378275156,0.037294939160346985,0.0001727098278934136,3.7809189307154156
Cosmos2.5_0060,44,49,"44,45,46,47,48,49",A,0.9228190779685974,0.0010805099736899137,0.07574959844350815,0.00035079027293249965,7.6640643703285605
Cosmos2.5_0060,48,53,"48,49,50,51,52,53",A,0.9759333729743958,0.0008899360545910895,0.022951753810048103,0.0002250110701425001,2.362173290748615
Cosmos2.5_0060,52,57,"52,53,54,55,56,57",A,0.9491299390792847,0.003020872827619314,0.047254398465156555,0.0005948450416326523,4.9359679920598865
Cosmos2.5_0060,56,61,"56,57,58,59,60,61",A,0.8467745780944824,0.004443465266376734,0.14714734256267548,0.0016346594784408808,15.100373467430472
Cosmos2.5_0060,60,65,"60,61,62,63,64,65",A,0.9814085364341736,0.0005428016884252429,0.017975125461816788,7.346022903220728e-05,1.8319986535061616
Cosmos2.5_0060,64,69,"64,65,66,67,68,69",A,0.9690278768539429,0.0014568744227290154,0.029262106865644455,0.00025316679966636,3.0243710876675323
Cosmos2.5_0060,68,73,"68,69,70,71,72,73",A,0.9193921089172363,0.0037573454901576042,0.07546830177307129,0.0013822501059621572,7.872922462411225
Cosmos2.5_0060,72,77,"72,73,74,75,76,77",A,0.8482576012611389,0.002699818229302764,0.14740505814552307,0.0016375224804505706,15.039248974062502
Cosmos2.5_0060,76,81,"76,77,78,79,80,81",A,0.9185683727264404,0.003753978991881013,0.07540068030357361,0.002276903484016657,7.955457328353077
Cosmos2.5_0060,80,85,"80,81,82,83,84,85",A,0.8148465156555176,0.0025934779550880194,0.18181684613227844,0.0007430438417941332,18.38566289516166
Cosmos2.5_0060,84,89,"84,85,86,87,88,89",A,0.7741361856460571,0.0031637176871299744,0.2217937409877777,0.0009064202895388007,22.42820201208815
Cosmos2.5_0060,88,92,"88,89,90,91,92",A,0.9515108466148376,0.0008676655706949532,0.047372933477163315,0.00024859033874236047,4.805535660125315
Cosmos2.5_0064,0,5,"0,1,2,3,4,5",A,0.99587482213974,4.521264781942591e-05,1.0088304406963289e-05,0.00406991271302104,0.4102607341337716
Cosmos2.5_0064,4,9,"4,5,6,7,8,9",A,0.9703711271286011,0.0002535177336540073,7.263405859703198e-05,0.029302669689059258,2.9502062614483293
Cosmos2.5_0064,8,13,"8,9,10,11,12,13",A,0.6212964653968811,0.0009340813849121332,0.0009340813849121332,0.37683534622192383,37.8236468299292
Cosmos2.5_0064,12,17,"12,13,14,15,16,17",A,0.6215826272964478,0.00020851774024777114,0.0011999367270618677,0.37700891494750977,37.83131105446955
Cosmos2.5_0064,16,21,"16,17,18,19,20,21",D,0.3765043020248413,0.00020823863451369107,0.002536865882575512,0.6207506060600281,62.33915912598604
Cosmos2.5_0064,20,25,"20,21,22,23,24,25",A,0.8797670006752014,0.00013940903590992093,0.0010301012080162764,0.11906351149082184,12.016331721679308
Cosmos2.5_0064,24,29,"24,25,26,27,28,29",A,0.72870272397995,0.0002444525307510048,0.002978041535243392,0.26807478070259094,27.117504850320984
Cosmos2.5_0064,28,33,"28,29,30,31,32,33",A,0.6739402413368225,0.00022608177096117288,0.007486800663173199,0.31834685802459717,32.594669957325095
Cosmos2.5_0064,32,37,"32,33,34,35,36,37",A,0.7716842889785767,0.0005480304243974388,0.006676377262920141,0.22109125554561615,22.8041648020735
Cosmos2.5_0064,36,41,"36,37,38,39,40,41",A,0.7701041102409363,0.0007022440549917519,0.008555084466934204,0.22063852846622467,22.954473496065475
Cosmos2.5_0064,40,45,"40,41,42,43,44,45",A,0.6072351932525635,0.0009129411773756146,0.02354506216943264,0.3683067560195923,39.23082887777127
Cosmos2.5_0064,44,49,"44,45,46,47,48,49",A,0.6650108695030212,0.0007786476635374129,0.020081588998436928,0.31412890553474426,33.45998183649499
Cosmos2.5_0064,48,53,"48,49,50,51,52,53",A,0.7140023708343506,0.0017698350129649043,0.021561002358794212,0.26266682147979736,28.511274134507403
Cosmos2.5_0064,52,57,"52,53,54,55,56,57",A,0.6450343132019043,0.005580640397965908,0.11209014803171158,0.23729488253593445,35.2175350766629
Cosmos2.5_0064,56,61,"56,57,58,59,60,61",A,0.40215054154396057,0.005736369173973799,0.40215054154396057,0.1899624764919281,59.49812026228756
Cosmos2.5_0064,60,65,"60,61,62,63,64,65",A,0.617737352848053,0.0068624429404735565,0.29179850220680237,0.08360166102647781,37.883138470351696
Cosmos2.5_0064,64,69,"64,65,66,67,68,69",A,0.47774621844291687,0.006814683321863413,0.28976771235466003,0.22567133605480194,51.88463900703937
Cosmos2.5_0064,68,73,"68,69,70,71,72,73",A,0.644013524055481,0.007154344581067562,0.2369193583726883,0.11191276460886002,35.24092952720821
Cosmos2.5_0064,72,77,"72,73,74,75,76,77",A,0.753119170665741,0.008366398513317108,0.21577225625514984,0.02274222858250141,24.26976840943098
Cosmos2.5_0064,76,81,"76,77,78,79,80,81",A,0.6538270711898804,0.011975261382758617,0.30884605646133423,0.02535162679851055,34.01853139512241
Cosmos2.5_0064,80,85,"80,81,82,83,84,85",A,0.4461406171321869,0.008171350695192814,0.4461406171321869,0.09954743087291718,54.97737233527005
Cosmos2.5_0064,84,89,"84,85,86,87,88,89",A,0.7037703990936279,0.010038744658231735,0.2589026689529419,0.02728813886642456,29.121018014848232
Cosmos2.5_0064,88,92,"88,89,90,91,92",A,0.8359586596488953,0.009286662563681602,0.1131347045302391,0.041619930416345596,15.93979662284255
Cosmos3_seed101_0003,0,5,"0,1,2,3,4,5",A,0.9999759197235107,2.1444891899591312e-05,1.7603039168534451e-06,8.315087143273558e-07,0.0013314258580976457
Cosmos3_seed101_0003,4,9,"4,5,6,7,8,9",A,0.9997774958610535,0.00020342310017440468,1.3004403626837302e-05,6.142845450085588e-06,0.012085879916412523
Cosmos3_seed101_0003,8,13,"8,9,10,11,12,13",A,0.9999127388000488,7.484530215151608e-05,1.0129208931175526e-05,2.2601323053095257e-06,0.004981199231224309
Cosmos3_seed101_0003,12,17,"12,13,14,15,16,17",A,0.999818742275238,0.0001584325946168974,1.6698671970516443e-05,6.1430987443600316e-06,0.010205806802332518
Cosmos3_seed101_0003,16,21,"16,17,18,19,20,21",A,0.9994757771492004,0.0004305167240090668,7.481259672204033e-05,1.8915585314971395e-05,0.030898654404154513
Cosmos3_seed101_0003,20,25,"20,21,22,23,24,25",A,0.9994028806686401,0.0005527540924958885,3.5336390283191577e-05,8.934438483265694e-06,0.03206478750144015
Cosmos3_seed101_0003,24,29,"24,25,26,27,28,29",A,0.999414324760437,0.000552760437130928,2.7520323783392087e-05,5.419072294898797e-06,0.03093196146437549
Cosmos3_seed101_0003,28,33,"28,29,30,31,32,33",A,0.9990366697311401,0.0009110035025514662,4.5356195187196136e-05,6.9555976551782805e-06,0.05078135441181075
Cosmos3_seed101_0003,32,37,"32,33,34,35,36,37",A,0.9973594546318054,0.0024722071830183268,0.00012308394070714712,4.5280052290763706e-05,0.14044675845070742
Cosmos3_seed101_0003,36,41,"36,37,38,39,40,41",A,0.9987157583236694,0.001169375842437148,9.598822362022474e-05,1.8901200746768154e-05,0.0699577345585567
Cosmos3_seed101_0003,40,45,"40,41,42,43,44,45",A,0.9987232089042664,0.001169384690001607,9.598894394002855e-05,1.1464244380476885e-05,0.06921455333213089
Cosmos3_seed101_0003,44,49,"44,45,46,47,48,49",A,0.9990053772926331,0.0009109749807976186,7.477738836314529e-05,8.930884177971166e-06,0.05391957629399258
Cosmos3_seed101_0003,48,53,"48,49,50,51,52,53",A,0.9987180233001709,0.0011693785199895501,9.598843462299556e-05,1.668028926360421e-05,0.06973579838813748
Cosmos3_seed101_0003,52,57,"52,53,54,55,56,57",A,0.9983568787574768,0.0015009688213467598,0.00012320702080614865,1.8894410459324718e-05,0.08925858419388533
Cosmos3_seed101_0003,56,61,"56,57,58,59,60,61",A,0.9983841180801392,0.0015010097995400429,9.5956347649917e-05,1.889492523332592e-05,0.08653561726532644
Cosmos3_seed101_0003,60,65,"60,61,62,63,64,65",A,0.9973299503326416,0.002472133841365576,0.00015803822316229343,3.995831866632216e-05,0.14340634625114035
Cosmos3_seed101_0003,64,69,"64,65,66,67,68,69",A,0.9978253841400146,0.0019262561108916998,0.0002030259056482464,4.530120349954814e-05,0.12114551645936444
Cosmos3_seed101_0003,68,73,"68,69,70,71,72,73",A,0.9978880286216736,0.001926377066411078,0.00015812665515113622,2.7478294214233756e-05,0.1148793482570909
Cosmos3_seed101_0003,72,77,"72,73,74,75,76,77",A,0.9987428784370422,0.0011694076238200068,7.475773600162938e-05,1.2990945833735168e-05,0.0672452493745368
Cosmos3_seed101_0003,76,81,"76,77,78,79,80,81",A,0.9982662796974182,0.0015008326154202223,0.00015818659448996186,7.472206198144704e-05,0.098332496418152
Cosmos3_seed101_0003,80,85,"80,81,82,83,84,85",A,0.9993025064468384,0.0005526986205950379,0.00012332372716628015,2.143045094271656e-05,0.04211034884065157
Cosmos3_seed101_0003,84,89,"84,85,86,87,88,89",A,0.9980415105819702,0.0015004947781562805,0.0003348056343384087,0.000123168108984828,0.1208221132401377
Cosmos3_seed101_0003,88,93,"88,89,90,91,92,93",A,0.9981426000595093,0.0015006467001512647,0.00026077328948304057,9.593313734512776e-05,0.11070297769038007
Cosmos3_seed101_0003,92,97,"92,93,94,95,96,97",A,0.99891197681427,0.0009108898229897022,0.0001582889090059325,1.8904915123130195e-05,0.06326387356239138
Cosmos3_seed101_0003,96,101,"96,97,98,99,100,101",A,0.9966637492179871,0.0024704826064407825,0.0007078050985001028,0.00015793266356922686,0.2100979065289721
Cosmos3_seed101_0003,100,105,"100,101,102,103,104,105",A,0.9977731108665466,0.0019261552952229977,0.0002606767520774156,3.9976072002900764e-05,0.12637304716918152
Cosmos3_seed101_0003,104,109,"104,105,106,107,108,109",A,0.9981293082237244,0.0015006266767159104,0.0003348350874148309,3.5291359381517395e-05,0.11204397851543035
Cosmos3_seed101_0003,108,113,"108,109,110,111,112,113",A,0.9961826205253601,0.0031706311274319887,0.0005509730544872582,9.574476280249655e-05,0.2232033381005749
Cosmos3_seed101_0003,112,117,"112,113,114,115,116,117",A,0.9978306889533997,0.0019262664718553424,0.0002030269824899733,3.997837848146446e-05,0.1206138596899109
Cosmos3_seed101_0003,116,121,"116,117,118,119,120,121",A,0.9986535310745239,0.0011693030828610063,0.00015824795991647989,1.890002386062406e-05,0.07617995252076071
Cosmos3_seed101_0003,120,125,"120,121,122,123,124,125",A,0.9982506632804871,0.001500809215940535,0.0002031124458881095,4.532051389105618e-05,0.09988375677494332
Cosmos3_seed101_0003,124,129,"124,125,126,127,128,129",A,0.9989510774612427,0.0009109255042858422,0.00012328036245889962,1.4723738786415197e-05,0.05934668533882359
Cosmos3_seed101_0003,128,133,"128,129,130,131,132,133",A,0.9986557960510254,0.0011693057604134083,0.0001582483237143606,1.6679250620654784e-05,0.07595804545417195
Cosmos3_seed101_0003,132,137,"132,133,134,135,136,137",A,0.9992380142211914,0.000709633226506412,4.536533742793836e-05,6.9569996412610635e-06,0.040713895032240544
Cosmos3_seed101_0003,136,141,"136,137,138,139,140,141",A,0.9995573163032532,0.0004305518523324281,1.0125609151145909e-05,1.9938509012717986e-06,0.022739538621863176
Cosmos3_seed101_0003,140,145,"140,141,142,143,144,145",A,0.9987789988517761,0.00116944988258183,4.5344499085331336e-05,6.1367104535747785e-06,0.06362061508298211
Cosmos3_seed101_0003,144,149,"144,145,146,147,148,149",A,0.9981245398521423,0.001500619575381279,0.0003348334867041558,3.9990154618863016e-05,0.11251334290136583
Cosmos3_seed101_0003,148,153,"148,149,150,151,152,153",A,0.9993433356285095,0.0005527212051674724,9.604854130884632e-05,7.884143997216597e-06,0.03802932878897991
Cosmos3_seed101_0003,152,157,"152,153,154,155,156,157",A,0.9993109703063965,0.000552703277207911,0.0001233247749041766,1.2998335478187073e-05,0.04126747489863192
Cosmos3_seed101_0003,156,161,"156,157,158,159,160,161",A,0.9993109703063965,0.000552703277207911,0.0001233247749041766,1.2998335478187073e-05,0.04126747489863192
Cosmos3_seed101_0003,160,165,"160,161,162,163,164,165",A,0.9982378482818604,0.0015007898909971118,0.0002031098265433684,5.8191941207041964e-05,0.10116967132489663
Cosmos3_seed101_0003,164,169,"164,165,166,167,168,169",A,0.9968197345733643,0.0024708693381398916,0.0005513254436664283,0.00015795737272128463,0.19447174854576588
Cosmos3_seed101_0003,168,173,"168,169,170,171,172,173",A,0.998430073261261,0.0011690413812175393,0.0003349359903950244,6.595280137844384e-05,0.09854094823822379
Cosmos3_seed101_0003,172,177,"172,173,174,175,176,177",A,0.9982001781463623,0.001500733313150704,0.00020310217223595828,9.593867434887215e-05,0.10494075031601824
Cosmos3_seed101_0003,176,181,"176,177,178,179,180,181",A,0.999380350112915,0.000552741636056453,4.537179847829975e-05,2.1432120774989016e-05,0.034317473728151526
Cosmos3_seed101_0003,180,185,"180,181,182,183,184,185",A,0.9983929991722107,0.001501023187302053,7.473154983017594e-05,3.1152743758866563e-05,0.0856395887240069
Cosmos3_seed101_0003,184,188,"184,185,186,187,188",A,0.9992522597312927,0.000709643354639411,1.6689213225618005e-05,2.1429374100989662e-05,0.039294026464631315
Cosmos3_seed101_0010,0,5,"0,1,2,3,4,5",A,0.9998250603675842,4.5391985622700304e-05,6.143137397884857e-06,0.00012338820670265704,0.015222733691189205
Cosmos3_seed101_0010,4,9,"4,5,6,7,8,9",A,0.9989032745361328,0.00015828752657398582,2.7506252081366256e-05,0.000910881906747818,0.10175319221161772
Cosmos3_seed101_0010,8,13,"8,9,10,11,12,13",A,0.9998589754104614,5.8286444982513785e-05,7.888212167017628e-06,7.484127854695544e-05,0.011187271320522996
Cosmos3_seed101_0010,12,17,"12,13,14,15,16,17",A,0.9999001026153564,5.828883877256885e-05,6.143598511698656e-06,3.5353968996787444e-05,0.0070641986894770525
Cosmos3_seed101_0010,16,21,"16,17,18,19,20,21",A,0.999907374382019,1.3006092558498494e-05,4.78467427456053e-06,7.48449019738473e-05,0.008613262252765708
Cosmos3_seed101_0010,20,25,"20,21,22,23,24,25",A,0.999150276184082,0.00026103653362952173,0.00015832667122595012,0.00043037653085775673,0.07192214688984677
Cosmos3_seed101_0010,24,29,"24,25,26,27,28,29",A,0.9950875639915466,0.004066695459187031,0.0007066857069730759,0.00013915466843172908,0.28791881049983203
Cosmos3_seed101_0010,28,33,"28,29,30,31,32,33",A,0.9829308390617371,0.01402075495570898,0.0018975029233843088,0.001150893629528582,1.0058774030767381
Cosmos3_seed101_0010,32,37,"32,33,34,35,36,37",A,0.9851279854774475,0.01094378437846899,0.003135446459054947,0.0007927650003693998,0.9400103648658842
Cosmos3_seed101_0010,36,41,"36,37,38,39,40,41",A,0.8876685500144958,0.07286427170038223,0.026805268600583076,0.01266191154718399,7.589931599795818
Cosmos3_seed101_0010,40,45,"40,41,42,43,44,45",A,0.9034428000450134,0.0449797660112381,0.03503027558326721,0.016547132283449173,7.406729087233543
Cosmos3_seed101_0010,44,49,"44,45,46,47,48,49",A,0.946412980556488,0.0366964116692543,0.010513698682188988,0.006376880221068859,3.5238784737885
Cosmos3_seed101_0010,48,53,"48,49,50,51,52,53",A,0.8006082773208618,0.05118117481470108,0.10835055261850357,0.039859939366579056,17.380107939243317
Cosmos3_seed101_0010,52,57,"52,53,54,55,56,57",A,0.8724699020385742,0.05577513203024864,0.05577513203024864,0.015979845076799393,9.964254312217236
Cosmos3_seed101_0010,56,61,"56,57,58,59,60,61",A,0.9093634486198425,0.04527454078197479,0.03525984659790993,0.010102116502821445,6.799923349171877
Cosmos3_seed101_0010,60,65,"60,61,62,63,64,65",A,0.894740104675293,0.057198818773031235,0.02701880969107151,0.021042270585894585,7.666048966348171
Cosmos3_seed101_0010,64,69,"64,65,66,67,68,69",C,0.006664032116532326,0.0011580351274460554,0.9890300631523132,0.0031478661112487316,99.2756946827285
Cosmos3_seed101_0010,68,73,"68,69,70,71,72,73",C,0.01785076968371868,0.0024158391170203686,0.9746189713478088,0.005114330910146236,98.09412218164653
Cosmos3_seed101_0010,72,77,"72,73,74,75,76,77",C,0.0005526378517970443,5.1403327233856544e-05,0.9991926550865173,0.0002033040946116671,99.9421660844746
Cosmos3_seed101_0010,76,81,"76,77,78,79,80,81",C,4.539771907730028e-05,1.067651965058758e-06,0.9999512434005737,2.260219162053545e-06,99.99540374457183
Cosmos3_seed101_0010,80,85,"80,81,82,83,84,85",C,0.0024720821529626846,0.00012307771248742938,0.9973090887069702,9.585302177583799e-05,99.74664805849898
Cosmos3_seed101_0010,84,89,"84,85,86,87,88,89",C,0.0004305346810724586,1.6693640645826235e-05,0.9995174407958984,3.534043935360387e-05,99.9561128055575
Cosmos3_seed101_0010,88,93,"88,89,90,91,92,93",C,7.484501111321151e-05,3.2884599932003766e-06,0.9999088048934937,1.3006111657887232e-05,99.99234552351481
Cosmos3_seed101_0010,92,97,"92,93,94,95,96,97",C,0.017902888357639313,0.0018869505729526281,0.9774646162986755,0.002745497040450573,98.11535886256024
Cosmos3_seed101_0010,96,101,"96,97,98,99,100,101",A,0.9197201132774353,0.027773141860961914,0.03566141799092293,0.016845261678099632,6.639325059950352
Cosmos3_seed101_0010,100,105,"100,101,102,103,104,105",A,0.9973466396331787,0.002472175285220146,0.00012308235454838723,5.813998723169789e-05,0.14173099843901582
Cosmos3_seed101_0010,104,109,"104,105,106,107,108,109",A,0.9924692511558533,0.006687205284833908,0.0007048262050375342,0.00013878852769266814,0.41872173751471564
Cosmos3_seed101_0010,108,113,"108,109,110,111,112,113",A,0.9806656241416931,0.017961518839001656,0.0008942513377405703,0.0004786582721862942,1.0353669029427692
Cosmos3_seed101_0010,112,117,"112,113,114,115,116,117",A,0.9441788792610168,0.04700789600610733,0.003858643351122737,0.004954596050083637,3.231718740426004
Cosmos3_seed101_0010,116,121,"116,117,118,119,120,121",A,0.9802582263946533,0.017954057082533836,0.0008938797982409596,0.0008938797982409596,1.0764788137748837
Cosmos3_seed101_0010,120,125,"120,121,122,123,124,125",A,0.9397193789482117,0.03643687441945076,0.010439340025186539,0.013404376804828644,4.206215403974056
Cosmos3_seed101_0010,124,129,"124,125,126,127,128,129",A,0.9847099184989929,0.014046132564544678,0.0006993157439865172,0.0005446276627480984,0.8267009689006954
Cosmos3_seed101_0010,128,133,"128,129,130,131,132,133",A,0.9877789616584778,0.010973233729600906,0.000701495329849422,0.0005463251145556569,0.6734437309205532
Cosmos3_seed101_0010,132,137,"132,133,134,135,136,137",A,0.9542067646980286,0.03699861094355583,0.006429394241422415,0.002365242224186659,2.729394193738699
Cosmos3_seed101_0010,136,141,"136,137,138,139,140,141",A,0.9443204402923584,0.028516005724668503,0.022208288311958313,0.004955338779836893,4.142162995412946
Cosmos3_seed101_0010,140,145,"140,141,142,143,144,145",A,0.9363477230072021,0.022020788863301277,0.028275251388549805,0.013356282375752926,5.264192819595337
Cosmos3_seed101_0010,144,149,"144,145,146,147,148,149",A,0.9797365069389343,0.005141185596585274,0.013975190930068493,0.0011471534380689263,1.7692937166430056
Cosmos3_seed101_0010,148,153,"148,149,150,151,152,153",A,0.8386270999908447,0.015359991230070591,0.03251710161566734,0.113495834171772,15.369293140247464
Cosmos3_seed101_0010,152,157,"152,153,154,155,156,157",A,0.9893935918807983,0.0066664814949035645,0.002452461514621973,0.0014874930493533611,0.7273195311427116
Cosmos3_seed101_0010,156,161,"156,157,158,159,160,161",A,0.9610453248023987,0.010676249861717224,0.017602158710360527,0.010676249861717224,3.3616533502936363
Cosmos3_seed101_0010,160,165,"160,161,162,163,164,165",A,0.9918849468231201,0.004053607117384672,0.0031569525599479675,0.0009044819744303823,0.6088238093070686
Cosmos3_seed101_0010,164,169,"164,165,166,167,168,169",A,0.994640588760376,0.002465467667207122,0.002465467667207122,0.0004284340247977525,0.4126635525608435
Cosmos3_seed101_0010,168,173,"168,169,170,171,172,173",A,0.9691879749298096,0.006530337501317263,0.006530337501317263,0.01775129698216915,2.7546803234145045
Cosmos3_seed101_0010,172,177,"172,173,174,175,176,177",A,0.9862750768661499,0.006645469460636377,0.0019039588514715433,0.00517549691721797,1.0402190499007702
Cosmos3_seed101_0010,176,181,"176,177,178,179,180,181",A,0.9888606667518616,0.005189064424484968,0.001908950274810195,0.00404124753549695,0.8544730022549629
Cosmos3_seed101_0010,180,185,"180,181,182,183,184,185",A,0.9963183403015137,0.0019233468919992447,0.0002602966851554811,0.001497904071584344,0.27198742027394474
Cosmos3_seed101_0010,184,188,"184,185,186,187,188",A,0.9981210827827454,0.0011686795623973012,0.00015816358791198581,0.0005520451813936234,0.12945485505042598
Cosmos3_seed101_0012,0,5,"0,1,2,3,4,5",A,0.9999654293060303,2.753549961198587e-05,2.2602512217417825e-06,4.784952125191921e-06,0.002081295315292664
Cosmos3_seed101_0012,4,9,"4,5,6,7,8,9",A,0.9997832179069519,0.00015842696302570403,1.3004477295908146e-05,4.539009023574181e-05,0.013760804904450197
Cosmos3_seed101_0012,8,13,"8,9,10,11,12,13",A,0.9998914003372192,7.484370871679857e-05,6.143545306258602e-06,2.7533460524864495e-05,0.007109886018952238
Cosmos3_seed101_0012,12,17,"12,13,14,15,16,17",A,0.9999154806137085,5.82897373533342e-05,4.784713382832706e-06,2.1443596779135987e-05,0.0055373178838635795
Cosmos3_seed101_0012,16,21,"16,17,18,19,20,21",A,0.9998849630355835,7.484322850359604e-05,4.784567408933071e-06,3.53534342139028e-05,0.007755961587463389
Cosmos3_seed101_0012,20,25,"20,21,22,23,24,25",A,0.9998695850372314,7.4842078902293e-05,1.0128772373718675e-05,4.5394011976895854e-05,0.009294382380176103
Cosmos3_seed101_0012,24,29,"24,25,26,27,28,29",A,0.9999071359634399,7.484488742193207e-05,1.0129152542504016e-05,7.888592335802969e-06,0.005544018858927302
Cosmos3_seed101_0012,28,33,"28,29,30,31,32,33",A,0.9981427192687988,0.0015006468165665865,9.593314462108538e-05,0.00026077331858687103,0.11070298714912497
Cosmos3_seed101_0012,32,37,"32,33,34,35,36,37",A,0.9962921142578125,0.003170979442074895,0.00020271392713766545,0.0003342187555972487,0.21224224037723616
Cosmos3_seed101_0012,36,41,"36,37,38,39,40,41",A,0.9964723587036133,0.003171553136780858,9.577260061632842e-05,0.0002603369066491723,0.19418860756559297
Cosmos3_seed101_0012,40,45,"40,41,42,43,44,45",A,0.9980687499046326,0.0015005356399342418,9.592603601049632e-05,0.00033481474383734167,0.11810085998149589
Cosmos3_seed101_0012,44,49,"44,45,46,47,48,49",A,0.9978758096694946,0.001926353550516069,7.469283445971087e-05,0.0001231476489920169,0.11610172587097622
Cosmos3_seed101_0012,48,53,"48,49,50,51,52,53",A,0.9963716268539429,0.0031712325289845467,0.00012296202476136386,0.0003342454438097775,0.20428237330634147
Cosmos3_seed101_0012,52,57,"52,53,54,55,56,57",A,0.9981155395507812,0.0015006059547886252,0.00012317723303567618,0.00026076618814840913,0.11342463985783979
Cosmos3_seed101_0012,56,61,"56,57,58,59,60,61",A,0.9970362186431885,0.00247140577994287,0.0001579916715854779,0.0003344683791510761,0.1728162940707989
Cosmos3_seed101_0012,60,65,"60,61,62,63,64,65",A,0.9978408813476562,0.0019262861460447311,7.469022239092737e-05,0.00015811919001862407,0.1195952485431917
Cosmos3_seed101_0012,64,69,"64,65,66,67,68,69",A,0.9970430731773376,0.0019247459713369608,0.00012304488336667418,0.0009091856190934777,0.19946034881286323
Cosmos3_seed101_0012,68,73,"68,69,70,71,72,73",A,0.9795953631401062,0.0139731764793396,0.002428174251690507,0.004003382287919521,1.3418144779279828
Cosmos3_seed101_0012,72,77,"72,73,74,75,76,77",A,0.9633203148841858,0.017643827944993973,0.010701523162424564,0.008334353566169739,2.785779070109129
Cosmos3_seed101_0012,76,81,"76,77,78,79,80,81",A,0.9756019711494446,0.010837959125638008,0.005119489040225744,0.008440610952675343,1.897907955572009
Cosmos3_seed101_0012,80,85,"80,81,82,83,84,85",A,0.9489822387695312,0.02865678071975708,0.01738121546804905,0.004979801829904318,3.6689407657831907
Cosmos3_seed101_0012,84,89,"84,85,86,87,88,89",A,0.9472503066062927,0.022277193143963814,0.022277193143963814,0.008195321075618267,4.161111079156399
Cosmos3_seed101_0012,88,93,"88,89,90,91,92,93",A,0.9165464639663696,0.021555107086896896,0.05859285220503807,0.003305582795292139,7.267598854377866
Cosmos3_seed101_0012,92,97,"92,93,94,95,96,97",C,0.010974138043820858,0.000546370109077543,0.987860381603241,0.000619118451140821,98.87526851089206
Cosmos3_seed101_0012,96,101,"96,97,98,99,100,101",A,0.9612975120544434,0.022607551887631416,0.013712172396481037,0.002382818376645446,2.739876671694219
Cosmos3_seed101_0012,100,105,"100,101,102,103,104,105",A,0.9769695997238159,0.017893822863698006,0.003992651589214802,0.0011439138324931264,1.408347685355693
Cosmos3_seed101_0012,104,109,"104,105,106,107,108,109",A,0.581312358379364,0.03716205433011055,0.35258376598358154,0.028941836208105087,40.01066293567419
Cosmos3_seed101_0012,108,113,"108,109,110,111,112,113",A,0.8865411877632141,0.044138286262750626,0.05667468160390854,0.012645830400288105,9.138965513557196
Cosmos3_seed101_0012,112,117,"112,113,114,115,116,117",A,0.9650994539260864,0.01767641492187977,0.010721287690103054,0.006502788979560137,2.6062284130603075
Cosmos3_seed101_0012,116,121,"116,117,118,119,120,121",A,0.9789202213287354,0.013963546603918076,0.004000623244792223,0.0031156884506344795,1.409808499738574
Cosmos3_seed101_0012,120,125,"120,121,122,123,124,125",A,0.9795953631401062,0.0139731764793396,0.004003382287919521,0.002428174251690507,1.3418144779279828
Cosmos3_seed101_0012,124,129,"124,125,126,127,128,129",C,0.25162672996520996,0.020654777064919472,0.6839922666549683,0.04372616112232208,73.80458163097501
Cosmos3_seed101_0012,128,133,"128,129,130,131,132,133",C,0.30952903628349304,0.015410542488098145,0.655272901058197,0.01978752762079239,68.27656999230385
Cosmos3_seed101_0012,132,137,"132,133,134,135,136,137",A,0.9877640604972839,0.008545833639800549,0.003143836511299014,0.0005463168490678072,0.7963070180267096
Cosmos3_seed101_0012,136,141,"136,137,138,139,140,141",A,0.9986482262611389,0.0011692967964336276,0.00015824711590539664,2.4267981643788517e-05,0.0767163495765999
Cosmos3_seed101_0012,140,145,"140,141,142,143,144,145",A,0.962984025478363,0.006488535553216934,0.029079599305987358,0.0014477879740297794,3.3771655056625605
Cosmos3_seed101_0012,144,149,"144,145,146,147,148,149",A,0.9318408966064453,0.006278694607317448,0.05957059562206268,0.0023098026867955923,6.5019745612517
Cosmos3_seed101_0012,148,153,"148,149,150,151,152,153",A,0.9428520798683167,0.006352887488901615,0.046941839158535004,0.0038532211910933256,5.397150409407914
Cosmos3_seed101_0012,152,157,"152,153,154,155,156,157",A,0.9909424185752869,0.0031539525371044874,0.0051999883726239204,0.0007037419127300382,0.7480706553906202
Cosmos3_seed101_0012,156,161,"156,157,158,159,160,161",A,0.9909963607788086,0.004049975890666246,0.004049975890666246,0.0009036717237904668,0.6978635559789836
Cosmos3_seed101_0012,160,165,"160,161,162,163,164,165",A,0.9900554418563843,0.00519533408805728,0.004046130459755659,0.0007031119894236326,0.7346909493207932
Cosmos3_seed101_0012,164,169,"164,165,166,167,168,169",A,0.9877524375915527,0.003143799491226673,0.006655423436313868,0.0024483934976160526,1.0675716679543257
Cosmos3_seed101_0012,168,173,"168,169,170,171,172,173",A,0.9785370826721191,0.003999057691544294,0.006593331228941679,0.01087056566029787,1.9463425735011697
Cosmos3_seed101_0012,172,177,"172,173,174,175,176,177",A,0.9834532141685486,0.004019148647785187,0.004019148647785187,0.008508536964654922,1.4537259936332703
Cosmos3_seed101_0012,176,181,"176,177,178,179,180,181",A,0.9916302561759949,0.004052566364407539,0.0011610796209424734,0.0031561418436467648,0.6343504646793008
Cosmos3_seed101_0012,180,185,"180,181,182,183,184,185",A,0.9909424185752869,0.0051999883726239204,0.0007037419127300382,0.0031539525371044874,0.6457688636146486
Cosmos3_seed101_0012,184,188,"184,185,186,187,188",A,0.9963613152503967,0.002469732891768217,0.00026030789013020694,0.000908563903067261,0.24037382390815765
Cosmos3_seed101_0017,0,5,"0,1,2,3,4,5",A,0.9999346733093262,4.539696601568721e-05,1.670060919423122e-05,3.2885450309549924e-06,0.004268763723302982
Cosmos3_seed101_0017,4,9,"4,5,6,7,8,9",A,0.9998094439506531,0.0001233862858498469,5.828355278936215e-05,8.938072824093979e-06,0.012891476853837958
Cosmos3_seed101_0017,8,13,"8,9,10,11,12,13",A,0.9999306201934814,4.539678047876805e-05,2.144392055924982e-05,2.5611111595935654e-06,0.004670342195822741
Cosmos3_seed101_0017,12,17,"12,13,14,15,16,17",A,0.9999016523361206,7.484447269234806e-05,2.144330028386321e-05,1.994537569771637e-06,0.006086007419980888
Cosmos3_seed101_0017,16,21,"16,17,18,19,20,21",A,0.9999502897262573,3.5355744330445305e-05,1.3006650988245383e-05,1.370891027363541e-06,0.0032055414180831576
Cosmos3_seed101_0017,20,25,"20,21,22,23,24,25",A,0.9999701976776123,2.1444770027301274e-05,7.889088919910137e-06,5.04332660966611e-07,0.0019115806594527385
Cosmos3_seed101_0017,24,29,"24,25,26,27,28,29",A,0.9998468160629272,0.0001233908988069743,2.75322327070171e-05,2.259983148178435e-06,0.009148766525868268
Cosmos3_seed101_0017,28,33,"28,29,30,31,32,33",A,0.9996578693389893,0.00026116915978491306,7.482622459065169e-05,6.142110123619204e-06,0.021155291460672743
Cosmos3_seed101_0017,32,37,"32,33,34,35,36,37",A,0.9993125200271606,0.0005527041503228247,0.00012332496407907456,1.147100829257397e-05,0.04111480475330609
Cosmos3_seed101_0017,36,41,"36,37,38,39,40,41",A,0.998477041721344,0.0011690963292494416,0.0003349517355673015,1.889668419607915e-05,0.09383965843881015
Cosmos3_seed101_0017,40,45,"40,41,42,43,44,45",A,0.9955572485923767,0.003168640658259392,0.0011656776769086719,0.00010842491610674188,0.28584229221451096
Cosmos3_seed101_0017,44,49,"44,45,46,47,48,49",A,0.9985246062278748,0.0011691520921885967,0.00026087305741384625,4.533294850261882e-05,0.08907820520107634
Cosmos3_seed101_0017,48,53,"48,49,50,51,52,53",A,0.9987142086029053,0.0009107094956561923,0.00033503127633593976,4.001377601525746e-05,0.08303998001792934
Cosmos3_seed101_0017,52,57,"52,53,54,55,56,57",A,0.9954367280006409,0.00316825695335865,0.0011655365815386176,0.00022950775746721774,0.29791728156851605
Cosmos3_seed101_0017,56,61,"56,57,58,59,60,61",A,0.9961853623390198,0.0024692967999726534,0.0011664130724966526,0.00017887524154502898,0.25799367140280083
Cosmos3_seed101_0017,60,65,"60,61,62,63,64,65",A,0.9975324869155884,0.0014997294638305902,0.0009096318972297013,5.8150821132585406e-05,0.17176474502775818
Cosmos3_seed101_0017,64,69,"64,65,66,67,68,69",A,0.7645241022109985,0.01400274783372879,0.21903984248638153,0.002433312823995948,22.847452922724187
Cosmos3_seed101_0017,68,73,"68,69,70,71,72,73",A,0.9839439392089844,0.0018994585843756795,0.014035205356776714,0.00012142832565587014,1.5106362974620424
Cosmos3_seed101_0017,72,77,"72,73,74,75,76,77",C,0.37607041001319885,0.0032536466605961323,0.6200352907180786,0.0006406809552572668,62.230279500363395
Cosmos3_seed101_0017,76,81,"76,77,78,79,80,81",C,0.0952911376953125,0.0005000420496799052,0.9040971994400024,0.00011157445260323584,90.44587949174456
Cosmos3_seed101_0017,80,85,"80,81,82,83,84,85",A,0.7752736806869507,0.0024675263557583094,0.22211964428424835,0.00013920830679126084,22.349261576891877
Cosmos3_seed101_0017,84,89,"84,85,86,87,88,89",C,0.1819840967655182,0.0020216605626046658,0.8155961036682129,0.0003980885958299041,81.70050225453451
Cosmos3_seed101_0017,88,93,"88,89,90,91,92,93",C,0.07581180334091187,0.0005108158802613616,0.923576831817627,0.0001005856174742803,92.39328253752319
Cosmos3_seed101_0017,92,97,"92,93,94,95,96,97",C,0.14798639714717865,0.00036682162317447364,0.8516029715538025,4.381059989100322e-05,85.18301929652807
Cosmos3_seed101_0017,96,101,"96,97,98,99,100,101",C,0.26820892095565796,0.0023204616736620665,0.729067325592041,0.0004032357537653297,73.06307921826374
Cosmos3_seed101_0017,100,105,"100,101,102,103,104,105",A,0.8151997923851013,0.002594602294266224,0.1818956583738327,0.00030988105572760105,18.35028405766934
Cosmos3_seed101_0017,104,109,"104,105,106,107,108,109",A,0.7259827852249146,0.006280981935560703,0.2670741677284241,0.0006620106287300587,27.08766693249345
Cosmos3_seed101_0017,108,113,"108,109,110,111,112,113",A,0.4966978132724762,0.0055178143084049225,0.4966978132724762,0.0010865220101550221,50.05432424368337
Cosmos3_seed101_0017,112,117,"112,113,114,115,116,117",A,0.6735610365867615,0.007482587825506926,0.31816771626472473,0.0007886588573455811,32.26976690348238
Cosmos3_seed101_0017,116,121,"116,117,118,119,120,121",C,0.43575558066368103,0.0037700242828577757,0.5595211982727051,0.000953211507294327,56.23594219214283
Cosmos3_seed101_0017,120,125,"120,121,122,123,124,125",A,0.6160390973091125,0.008787325583398342,0.3736465871334076,0.001527008251287043,37.95672581763938
Cosmos3_seed101_0017,124,129,"124,125,126,127,128,129",A,0.7699633836746216,0.006661488674581051,0.22059820592403412,0.0027769217267632484,22.67058719880879
Cosmos3_seed101_0017,128,133,"128,129,130,131,132,133",A,0.9869921207427979,0.0019053430296480656,0.01096449326723814,0.00013802258763462305,1.2055187369696796
Cosmos3_seed101_0017,132,137,"132,133,134,135,136,137",C,0.43732213973999023,0.0010840132599696517,0.561532735824585,6.115584255894646e-05,56.21358982971287
Cosmos3_seed101_0017,136,141,"136,137,138,139,140,141",C,0.43751466274261475,0.000657776661682874,0.5617799162864685,4.764918048749678e-05,56.215645379779744
Cosmos3_seed101_0017,140,145,"140,141,142,143,144,145",C,0.37730950117111206,0.0005006068386137486,0.6220781803131104,0.00011170048674102873,62.244018421915825
Cosmos3_seed101_0017,144,149,"144,145,146,147,148,149",C,0.0758514255285263,6.916755228303373e-05,0.9240595698356628,1.981683453777805e-05,92.41139704463421
Cosmos3_seed101_0017,148,153,"148,149,150,151,152,153",A,0.9608091115951538,0.0018547979416325688,0.037254609167575836,8.149413042701781e-05,3.826350226881914
Cosmos3_seed101_0017,152,157,"152,153,154,155,156,157",A,0.9786326289176941,0.003114773193374276,0.01792428269982338,0.00032829467090778053,1.9809963967418298
Cosmos3_seed101_0017,156,161,"156,157,158,159,160,161",A,0.8671656250953674,0.009633339941501617,0.11735810339450836,0.005842915736138821,12.8017689101398
Cosmos3_seed101_0017,160,165,"160,161,162,163,164,165",C,0.3513687551021576,0.008263400755822659,0.5793091058731079,0.06105872988700867,64.44995361380279
Cosmos3_seed101_0017,164,169,"164,165,166,167,168,169",A,0.58406662940979,0.013735931366682053,0.3542543351650238,0.0479431077837944,40.90654086321592
Cosmos3_seed101_0017,168,173,"168,169,170,171,172,173",A,0.7344615459442139,0.008159131743013859,0.21042676270008087,0.04695255681872368,26.145888539031148
Cosmos3_seed101_0017,172,177,"172,173,174,175,176,177",A,0.9683032035827637,0.006524375639855862,0.022772308439016342,0.002400183817371726,2.8434680076316
Cosmos3_seed101_0017,176,181,"176,177,178,179,180,181",A,0.9881975054740906,0.003145216265693307,0.00854958314448595,0.0001076233820640482,1.0229814659396652
Cosmos3_seed101_0017,180,185,"180,181,182,183,184,185",A,0.9329779148101807,0.006286355666816235,0.05964328348636627,0.0010924048256129026,6.387886614538729
Cosmos3_seed101_0017,184,188,"184,185,186,187,188",C,0.43584951758384705,0.002936731092631817,0.5596418976783752,0.001571918954141438,56.26821821788326
Cosmos3_seed101_0020,0,5,"0,1,2,3,4,5",A,0.9999876022338867,7.889226253610104e-06,2.2603014713240555e-06,2.2603014713240555e-06,0.0008465216069453163
Cosmos3_seed101_0020,4,9,"4,5,6,7,8,9",A,0.9999709129333496,1.67012149177026e-05,6.144033704913454e-06,6.144033704913454e-06,0.002063867486867821
Cosmos3_seed101_0020,8,13,"8,9,10,11,12,13",A,0.9999492168426514,2.1444318917929195e-05,7.888924301369116e-06,2.1444318917929195e-05,0.004005540267826291
Cosmos3_seed101_0020,12,17,"12,13,14,15,16,17",A,0.9998762607574463,2.1442754587042145e-05,6.14345208305167e-06,9.609976405045018e-05,0.011296459342702292
Cosmos3_seed101_0020,16,21,"16,17,18,19,20,21",A,0.9990621209144592,1.668603545113001e-05,1.012059237837093e-05,0.0009110267274081707,0.09294903375121066
Cosmos3_seed101_0020,20,25,"20,21,22,23,24,25",A,0.9998974800109863,2.753362787188962e-05,1.669998891884461e-05,5.8288685977458954e-05,0.008875548883224837
Cosmos3_seed101_0020,24,29,"24,25,26,27,28,29",A,0.9994364380836487,7.48096572351642e-05,5.826181222801097e-05,0.000430499785579741,0.05261664264253341
Cosmos3_seed101_0020,28,33,"28,29,30,31,32,33",A,0.9994971752166748,0.0002033660712186247,9.606332605471835e-05,0.0002033660712186247,0.04011124328826554
Cosmos3_seed101_0020,32,37,"32,33,34,35,36,37",A,0.9996858835220337,0.00020340445917099714,9.608145774109289e-05,1.4734568139829207e-05,0.021251825546642067
Cosmos3_seed101_0020,36,41,"36,37,38,39,40,41",A,0.9998737573623657,9.609952394384891e-05,2.7532974854693748e-05,2.5609654130676063e-06,0.00781437022396858
Cosmos3_seed101_0020,40,45,"40,41,42,43,44,45",A,0.9998810291290283,9.610022243577987e-05,2.1442858269438148e-05,1.3707959851672058e-06,0.007086376547249529
Cosmos3_seed101_0020,44,49,"44,45,46,47,48,49",A,0.9998809099197388,9.610020788386464e-05,2.144285463145934e-05,1.5533153145952383e-06,0.00710462738879869
Cosmos3_seed101_0020,48,53,"48,49,50,51,52,53",A,0.9998806715011597,9.61001860559918e-05,2.144284917449113e-05,1.7601363424546435e-06,0.007125307854494167
Cosmos3_seed101_0020,52,57,"52,53,54,55,56,57",A,0.9998140931129456,0.0001233868533745408,5.828382563777268e-05,4.222065854264656e-06,0.012419931817930774
Cosmos3_seed101_0020,56,61,"56,57,58,59,60,61",A,0.9997629523277283,0.00015842376160435379,7.483408990083262e-05,3.725769829543424e-06,0.015777174053255294
Cosmos3_seed101_0020,60,65,"60,61,62,63,64,65",A,0.9997407793998718,0.00015842024004086852,9.608674008632079e-05,4.783877102454426e-06,0.018008073720920947
Cosmos3_seed101_0020,64,69,"64,65,66,67,68,69",A,0.999887228012085,7.484339585062116e-05,3.535351424943656e-05,2.5609999738662736e-06,0.007533621214861341
Cosmos3_seed101_0020,68,73,"68,69,70,71,72,73",A,0.9999537467956543,3.535586438374594e-05,1.0129624570254236e-05,7.337876013480127e-07,0.002854134436347522
Cosmos3_seed101_0020,72,77,"72,73,74,75,76,77",A,0.9999579191207886,3.535601354087703e-05,6.143953669379698e-06,5.714767326026049e-07,0.0024393437172420818
Cosmos3_seed101_0020,76,81,"76,77,78,79,80,81",A,0.9999618530273438,2.7535401386558078e-05,1.0129706424777396e-05,5.043284545536153e-07,0.002440173557261005
Cosmos3_seed101_0020,80,85,"80,81,82,83,84,85",A,0.9999407529830933,4.539724250207655e-05,1.3006527296965942e-05,8.314794399666425e-07,0.003653662798797086
Cosmos3_seed101_0020,84,89,"84,85,86,87,88,89",A,0.9998749494552612,9.609963308321312e-05,2.7533007596503012e-05,1.3707876860280521e-06,0.0076953611824137624
Cosmos3_seed101_0020,88,93,"88,89,90,91,92,93",A,0.9997139573097229,0.00015841599088162184,0.00012337449879851192,4.2216433939756826e-06,0.020680413763329852
Cosmos3_seed101_0020,92,97,"92,93,94,95,96,97",A,0.9997790455818176,0.00015842630818951875,5.8281781093683094e-05,4.221918061375618e-06,0.014171685324981809
Cosmos3_seed101_0020,96,101,"96,97,98,99,100,101",A,0.9997624754905701,0.00015842367429286242,7.483405352104455e-05,4.2218480302835815e-06,0.015826773869775934
Cosmos3_seed101_0020,100,105,"100,101,102,103,104,105",A,0.9996671676635742,0.0002034006465692073,0.00012336872168816626,6.142167421785416e-06,0.023121121239455533
Cosmos3_seed101_0020,104,109,"104,105,106,107,108,109",A,0.9995735287666321,0.0002611471281852573,0.00015839374100323766,6.959335678402567e-06,0.02959266407742689
Cosmos3_seed101_0020,108,113,"108,109,110,111,112,113",A,0.9997417330741882,0.00015842040011193603,9.608683467376977e-05,3.7256907035043696e-06,0.017902272543324216
Cosmos3_seed101_0020,112,117,"112,113,114,115,116,117",A,0.9997645020484924,0.00015842400898691267,7.483420631615445e-05,2.2597971565119224e-06,0.01563060079661227
Cosmos3_seed101_0020,116,121,"116,117,118,119,120,121",A,0.9998667240142822,9.609884727979079e-05,3.5352790291653946e-05,1.7601117860976956e-06,0.008516232571764704
Cosmos3_seed101_0020,120,125,"120,121,122,123,124,125",A,0.9999475479125977,3.535564610501751e-05,1.6700823834980838e-05,3.9276574170798995e-07,0.0034771412629197584
Cosmos3_seed101_0020,124,129,"124,125,126,127,128,129",A,0.9999194145202637,5.828996654599905e-05,2.144368045264855e-05,8.31461704819958e-07,0.005142012543046803
Cosmos3_seed101_0020,128,133,"128,129,130,131,132,133",A,0.9997156262397766,0.00012337471707724035,0.00015841626736801118,2.560560460551642e-06,0.0222664186367183
Cosmos3_seed101_0020,132,137,"132,133,134,135,136,137",A,0.99815434217453,0.00033484346931800246,0.0015006643952801824,1.0111396477441303e-05,0.1678197526416625
Cosmos3_seed101_0020,136,141,"136,137,138,139,140,141",C,2.90229809252196e-06,1.2751806366395613e-07,0.9999922513961792,4.785080363944871e-06,99.9997100235575
Cosmos3_seed101_0020,140,145,"140,141,142,143,144,145",C,2.1442845536512323e-05,1.9944952782680048e-06,0.9998804330825806,9.610016422811896e-05,99.99775304944478
Cosmos3_seed101_0020,144,149,"144,145,146,147,148,149",C,7.481360080419108e-05,5.419478839030489e-06,0.9994891881942749,0.0004305225156713277,99.99224204493657
Cosmos3_seed101_0020,148,153,"148,149,150,151,152,153",C,6.144003691588296e-06,2.6994865720553207e-07,0.999966025352478,2.75355159828905e-05,99.99936958427895
Cosmos3_seed101_0020,152,157,"152,153,154,155,156,157",C,6.144092822069069e-06,1.8553554070876999e-07,0.9999805688858032,1.300704479945125e-05,99.9993668698373
Cosmos3_seed101_0020,156,161,"156,157,158,159,160,161",C,0.00020328059326857328,1.0120744263986126e-05,0.9990770816802979,0.0007095189648680389,99.97916610172979
Cosmos3_seed101_0020,160,165,"160,161,162,163,164,165",C,0.00012335235078353435,6.959063739486737e-06,0.9995344877243042,0.0003353064530529082,99.98732737092269
Cosmos3_seed101_0020,164,169,"164,165,166,167,168,169",C,2.7534675609786063e-05,1.5534001249761786e-06,0.999935507774353,3.535522046149708e-05,99.9971639694877
Cosmos3_seed101_0020,168,173,"168,169,170,171,172,173",C,0.0002034109056694433,4.221658400638262e-06,0.9997175335884094,7.48306920286268e-05,99.97944751096384
Cosmos3_seed101_0020,172,177,"172,173,174,175,176,177",C,0.00015840347623452544,3.2875595934456214e-06,0.9996349811553955,0.00020339409820735455,99.98400190333996
Cosmos3_seed101_0020,176,181,"176,177,178,179,180,181",C,0.00020337318710517138,3.2872214887902373e-06,0.9995322227478027,0.00026113633066415787,99.97950026892113
Cosmos3_seed101_0020,180,185,"180,181,182,183,184,185",C,3.7266011077008443e-06,8.764126135929473e-08,0.9999860525131226,1.0129951988346875e-05,99.99962262857416
Cosmos3_seed101_0020,184,188,"184,185,186,187,188",C,6.475945610873168e-07,1.3440395463248933e-08,0.999998927116394,5.043470991950016e-07,99.9999438183691
Cosmos3_seed101_0027,0,5,"0,1,2,3,4,5",A,0.9999932050704956,3.7266279377945466e-06,2.9023008210060652e-06,1.6373660116641986e-07,0.0004929351391069758
Cosmos3_seed101_0027,4,9,"4,5,6,7,8,9",A,0.9999831914901733,1.0129922884516418e-05,6.144109192973701e-06,5.0433919795978e-07,0.001171340983319169
Cosmos3_seed101_0027,8,13,"8,9,10,11,12,13",A,0.9999899864196777,6.144151029729983e-06,3.726615886989748e-06,1.8553728864389996e-07,0.000698422869049864
Cosmos3_seed101_0027,12,17,"12,13,14,15,16,17",A,0.9999847412109375,1.0129938345926348e-05,4.785044438904151e-06,3.466274733909813e-07,0.0010196641085258307
Cosmos3_seed101_0027,16,21,"16,17,18,19,20,21",A,0.9999819993972778,1.3007063898839988e-05,4.7850317059783265e-06,2.699529773053655e-07,0.0011558516632703686
Cosmos3_seed101_0027,20,25,"20,21,22,23,24,25",A,0.9999881982803345,7.889231710578315e-06,3.7266092931531603e-06,2.382341506290686e-07,0.0007909459299071386
Cosmos3_seed101_0027,24,29,"24,25,26,27,28,29",A,0.9999871253967285,7.889222615631297e-06,4.785056262335274e-06,2.699543699691276e-07,0.0008999621940120051
Cosmos3_seed101_0027,28,33,"28,29,30,31,32,33",A,0.9999847412109375,1.0129938345926348e-05,4.785044438904151e-06,3.0589765742661257e-07,0.0010155911269293938
Cosmos3_seed101_0027,32,37,"32,33,34,35,36,37",A,0.9999818801879883,1.3007062079850584e-05,4.785030796483625e-06,3.927792420199694e-07,0.0011681341078428886
Cosmos3_seed101_0027,36,41,"36,37,38,39,40,41",A,0.999976634979248,1.6701309505151585e-05,6.144068720459472e-06,4.4507481788969017e-07,0.0014939798290924955
Cosmos3_seed101_0027,40,45,"40,41,42,43,44,45",A,0.9999805688858032,1.300704479945125e-05,6.144092822069069e-06,2.6995257940143347e-07,0.0012917567801196128
Cosmos3_seed101_0027,44,49,"44,45,46,47,48,49",A,0.999958872795105,2.7535317713045515e-05,1.3006762856093701e-05,5.714773010367935e-07,0.002734589901365325
Cosmos3_seed101_0027,48,53,"48,49,50,51,52,53",A,0.9997400641441345,0.00015842013817746192,9.608666732674465e-05,5.420838988356991e-06,0.01807175754038326
Cosmos3_seed101_0027,52,57,"52,53,54,55,56,57",A,0.9999121427536011,5.828954090247862e-05,2.7534031687537208e-05,1.994558488149778e-06,0.00586733606269263
Cosmos3_seed101_0027,56,61,"56,57,58,59,60,61",A,0.9998394250869751,9.609622065909207e-05,5.828530265716836e-05,6.14322607361828e-06,0.011247663906033267
Cosmos3_seed101_0027,60,65,"60,61,62,63,64,65",A,0.9992547631263733,0.00033521262230351567,0.00033521262230351567,7.479605847038329e-05,0.05776149919256568
Cosmos3_seed101_0027,64,69,"64,65,66,67,68,69",A,0.9999549388885498,2.7535210392670706e-05,1.670094752626028e-05,8.314912633977656e-07,0.0031300043985993398
Cosmos3_seed101_0027,68,73,"68,69,70,71,72,73",A,0.9999178647994995,4.539620204013772e-05,3.535459836712107e-05,1.370846575809992e-06,0.005942354596299992
Cosmos3_seed101_0027,72,77,"72,73,74,75,76,77",A,0.999881386756897,5.828775101690553e-05,5.828775101690553e-05,1.9944973246310838e-06,0.008942612384998938
Cosmos3_seed101_0027,76,81,"76,77,78,79,80,81",A,0.9999176263809204,4.53961911262013e-05,3.535458745318465e-05,1.5533722717009368e-06,0.005960605528798624
Cosmos3_seed101_0027,80,85,"80,81,82,83,84,85",A,0.9999501705169678,2.753507942543365e-05,2.1444340745802037e-05,8.314872843584453e-07,0.003604336774287731
Cosmos3_seed101_0027,84,89,"84,85,86,87,88,89",A,0.9999550580978394,2.7535214030649513e-05,1.6700949345249683e-05,7.337885676861333e-07,0.0031202344928260572
Cosmos3_seed101_0027,88,93,"88,89,90,91,92,93",A,0.9999728202819824,1.670124584052246e-05,1.0129817383131012e-05,3.9277566088458116e-07,0.0018873215964276824
Cosmos3_seed101_0027,92,97,"92,93,94,95,96,97",A,0.9999680519104004,2.1444722733576782e-05,1.0129769179911818e-05,3.466216753622575e-07,0.0021198752222062467
Cosmos3_seed101_0027,96,101,"96,97,98,99,100,101",A,0.9999650716781616,2.1444659068947658e-05,1.3006842891627457e-05,5.043300461693434e-07,0.002423350247227063
Cosmos3_seed101_0027,100,105,"100,101,102,103,104,105",A,0.9999502897262573,2.7535083063412458e-05,2.144434256479144e-05,7.33785043394164e-07,0.0035945669139891834
Cosmos3_seed101_0027,104,109,"104,105,106,107,108,109",A,0.9999508857727051,3.535576615831815e-05,1.3006659173697699e-05,7.337854981415148e-07,0.0031418327750998287
Cosmos3_seed101_0027,108,113,"108,109,110,111,112,113",A,0.9999589920043945,2.7535321351024322e-05,1.3006764675083105e-05,4.450669734978874e-07,0.0027219492324093153
Cosmos3_seed101_0027,112,117,"112,113,114,115,116,117",A,0.9999767541885376,1.6701313143130392e-05,6.144069629954174e-06,3.0589521315960155e-07,0.0014800621414678972
Cosmos3_seed101_0027,116,121,"116,117,118,119,120,121",A,0.9999750852584839,1.6701284039299935e-05,7.889128028182313e-06,3.4662411962926853e-07,0.001658639416746155
Cosmos3_seed101_0027,120,125,"120,121,122,123,124,125",A,0.9999587535858154,2.753531589405611e-05,1.3006761037104297e-05,7.337912961702386e-07,0.002750821028030259
Cosmos3_seed101_0027,124,129,"124,125,126,127,128,129",A,0.9999617338180542,2.753539774857927e-05,1.0129705515282694e-05,6.475704594777199e-07,0.002454497484905005
Cosmos3_seed101_0027,128,133,"128,129,130,131,132,133",A,0.9999313354492188,4.5396813220577314e-05,2.144393693015445e-05,1.7602254729354172e-06,0.0045902569013378525
Cosmos3_seed101_0027,132,137,"132,133,134,135,136,137",A,0.9999368190765381,4.5397064241115004e-05,1.670064557401929e-05,1.0676366173356655e-06,0.004046681431191246
Cosmos3_seed101_0027,136,141,"136,137,138,139,140,141",A,0.9999829530715942,1.3007075722271111e-05,3.726589739017072e-06,3.4662684811337385e-07,0.0010576754448266001
Cosmos3_seed101_0027,140,145,"140,141,142,143,144,145",A,0.9999639987945557,2.7535459594218992e-05,7.889040716690943e-06,6.475719374066102e-07,0.002230434245120705
Cosmos3_seed101_0027,144,149,"144,145,146,147,148,149",A,0.9999500513076782,3.535573705448769e-05,1.3006648259761278e-05,1.5534226349700475e-06,0.003223793942197517
Cosmos3_seed101_0027,148,153,"148,149,150,151,152,153",A,0.9999639987945557,2.7535459594218992e-05,7.889040716690943e-06,6.475719374066102e-07,0.002230434245120705
Cosmos3_seed101_0027,152,157,"152,153,154,155,156,157",A,0.9999468326568604,3.5355620639165863e-05,1.6700812921044417e-05,1.0676473038984113e-06,0.003544627054452576
Cosmos3_seed101_0027,156,161,"156,157,158,159,160,161",A,0.9999045133590698,5.8289097069064155e-05,3.535412542987615e-05,1.7601782928977627e-06,0.006625885225730599
Cosmos3_seed101_0027,160,165,"160,161,162,163,164,165",A,0.9997376799583435,0.00015841975982766598,9.60864417720586e-05,7.887255378591362e-06,0.018318357706448296
Cosmos3_seed101_0027,164,169,"164,165,166,167,168,169",A,0.9998413324356079,9.609640255803242e-05,5.828541543451138e-05,4.222181360091781e-06,0.011055579807361937
Cosmos3_seed101_0027,168,173,"168,169,170,171,172,173",A,0.9999121427536011,5.828954090247862e-05,2.7534031687537208e-05,1.994558488149778e-06,0.00586733606269263
Cosmos3_seed101_0027,172,177,"172,173,174,175,176,177",A,0.9998008608818054,9.609250992070884e-05,9.609250992070884e-05,6.960918199183652e-06,0.01510996830802469
Cosmos3_seed101_0027,176,181,"176,177,178,179,180,181",A,0.9995688796043396,0.00015839299885556102,0.00026114590582437813,1.1473951417428907e-05,0.035181635666958755
Cosmos3_seed101_0027,180,185,"180,181,182,183,184,185",A,0.8983712196350098,0.004714219830930233,0.09468763321638107,0.0022268397733569145,9.92715829052031
Cosmos3_seed101_0027,184,188,"184,185,186,187,188",A,0.9733997583389282,0.003098118118941784,0.022892167791724205,0.000610055576544255,2.505128242773935
Cosmos3_seed101_0036,0,5,"0,1,2,3,4,5",A,0.9999936819076538,3.7266295294102747e-06,2.260315113744582e-06,3.059003859107179e-07,0.00044295302643604373
Cosmos3_seed101_0036,4,9,"4,5,6,7,8,9",A,0.9999926090240479,4.785082182934275e-06,2.2603128400078276e-06,3.4663020187508664e-07,0.0004999484133350052
Cosmos3_seed101_0036,8,13,"8,9,10,11,12,13",A,0.9999958276748657,2.9023085517110303e-06,1.0676995998437633e-06,1.6373702749206132e-07,0.000268259090319134
Cosmos3_seed101_0036,12,17,"12,13,14,15,16,17",A,0.9999959468841553,2.9023087790847057e-06,1.067699713530601e-06,1.1253472109729046e-07,0.00026313888241702443
Cosmos3_seed101_0036,16,21,"16,17,18,19,20,21",A,0.9999939203262329,4.785088549397187e-06,1.0676975534806843e-06,2.3823551487112127e-07,0.0003698477343050399
Cosmos3_seed101_0036,20,25,"20,21,22,23,24,25",A,0.9999926090240479,4.785082182934275e-06,2.2603128400078276e-06,3.4663020187508664e-07,0.0004999484133350052
Cosmos3_seed101_0036,24,29,"24,25,26,27,28,29",A,0.9999817609786987,1.300706026086118e-05,4.785030341736274e-06,5.043384589953348e-07,0.00117928989311622
Cosmos3_seed101_0036,28,33,"28,29,30,31,32,33",A,0.999990701675415,6.144155122456141e-06,2.902293545048451e-06,3.058994764160161e-07,0.0006280270582692538
Cosmos3_seed101_0036,32,37,"32,33,34,35,36,37",A,0.9999858140945435,1.012994925986277e-05,3.7266001982061425e-06,3.9278077679227863e-07,0.0009184355604929806
Cosmos3_seed101_0036,36,41,"36,37,38,39,40,41",A,0.9999889135360718,7.889237167546526e-06,2.902288315453916e-06,3.4662892289816227e-07,0.0007193535822125341
Cosmos3_seed101_0036,40,45,"40,41,42,43,44,45",A,0.9999828338623047,1.3007073903281707e-05,3.7265892842697212e-06,5.043390274295234e-07,0.0010734465263340098
Cosmos3_seed101_0036,44,49,"44,45,46,47,48,49",A,0.9999817609786987,1.300706026086118e-05,4.785030341736274e-06,4.450770916264446e-07,0.0011733637563793309
Cosmos3_seed101_0036,48,53,"48,49,50,51,52,53",A,0.9998546838760376,9.609769040253013e-05,4.5393335312837735e-05,3.7261117995512905e-06,0.00971682923136541
Cosmos3_seed101_0036,52,57,"52,53,54,55,56,57",A,0.9998282194137573,0.0001233885996043682,4.5392134779831395e-05,2.9018221994192572e-06,0.010998825678143476
Cosmos3_seed101_0036,56,61,"56,57,58,59,60,61",A,0.9996366500854492,0.0002611636009532958,9.607673564460129e-05,6.141980065876851e-06,0.023280051618712605
Cosmos3_seed101_0036,60,65,"60,61,62,63,64,65",A,0.9997474551200867,0.00020341698837000877,4.538846405921504e-05,3.7257120766298613e-06,0.015082267032084928
Cosmos3_seed101_0036,64,69,"64,65,66,67,68,69",A,0.9997350573539734,0.00020341447088867426,5.82792199566029e-05,3.2878886031539878e-06,0.016327434400409402
Cosmos3_seed101_0036,68,73,"68,69,70,71,72,73",A,0.9995624423027039,0.0003353158535901457,9.606959793018177e-05,6.141523954283912e-06,0.026986904867953854
Cosmos3_seed101_0036,72,77,"72,73,74,75,76,77",A,0.9992225170135498,0.0005526543827727437,0.00020331017731223255,2.1428735635709018e-05,0.05010661043343134
Cosmos3_seed101_0036,76,81,"76,77,78,79,80,81",A,0.9987142086029053,0.0009107094956561923,0.00033503127633593976,4.001377601525746e-05,0.08303998001792934
Cosmos3_seed101_0036,80,85,"80,81,82,83,84,85",A,0.9991695880889893,0.0005526250461116433,0.00026104156859219074,1.668783079367131e-05,0.05540419224416837
Cosmos3_seed101_0036,84,89,"84,85,86,87,88,89",A,0.9953816533088684,0.002467304700985551,0.0019215387292206287,0.0002294950681971386,0.3384686147910543
Cosmos3_seed101_0036,88,93,"88,89,90,91,92,93",A,0.9830247163772583,0.005158440209925175,0.010920419357717037,0.0008964025182649493,1.4396041980944574
Cosmos3_seed101_0036,92,97,"92,93,94,95,96,97",A,0.9936686158180237,0.0024630583357065916,0.003162629436701536,0.0007056780159473419,0.5099836620502174
Cosmos3_seed101_0036,96,101,"96,97,98,99,100,101",A,0.9811011552810669,0.004009536001831293,0.013994655571877956,0.000894648430403322,1.6894072003196925
Cosmos3_seed101_0036,100,105,"100,101,102,103,104,105",A,0.9960151314735413,0.0019227615557610989,0.0019227615557610989,0.00013928438420407474,0.3023426717845723
Cosmos3_seed101_0036,104,109,"104,105,106,107,108,109",A,0.9898865222930908,0.0031505918595939875,0.006669802591204643,0.0002930506889242679,0.8538149209925905
Cosmos3_seed101_0036,108,113,"108,109,110,111,112,113",A,0.9960585832595825,0.0019228453747928143,0.0019228453747928143,9.57328375079669e-05,0.29800008996971883
Cosmos3_seed101_0036,112,117,"112,113,114,115,116,117",A,0.9968794584274292,0.0014987476170063019,0.0014987476170063019,0.00012302469986025244,0.23711461253697053
Cosmos3_seed101_0036,116,121,"116,117,118,119,120,121",A,0.9997081160545349,0.00015841507411096245,0.00012337378575466573,1.0127136192750186e-05,0.021270845900289714
Cosmos3_seed101_0036,120,125,"120,121,122,123,124,125",A,0.9973202347755432,0.0005516022210940719,0.0019252810161560774,0.00020292312547098845,0.24040052521741018
Cosmos3_seed101_0036,124,129,"124,125,126,127,128,129",C,0.014057517051696777,0.00017695802671369165,0.9855080246925354,0.00025747239124029875,98.58539760971325
Cosmos3_seed101_0036,128,133,"128,129,130,131,132,133",C,3.726616341737099e-06,6.825536047472269e-08,0.9999901056289673,6.144151484477334e-06,99.9996283908132
Cosmos3_seed101_0036,132,137,"132,133,134,135,136,137",C,8.764247638737288e-08,1.818961425925636e-09,0.9999998807907104,4.139937459513021e-08,99.99999230995658
Cosmos3_seed101_0036,136,141,"136,137,138,139,140,141",C,3.535576615831815e-05,7.337854981415148e-07,0.9999508857727051,1.3006659173697699e-05,99.99642593246278
Cosmos3_seed101_0036,140,145,"140,141,142,143,144,145",C,0.010976730845868587,0.00022781477309763432,0.9880937933921814,0.0007017189054749906,98.89094196842052
Cosmos3_seed101_0036,144,149,"144,145,146,147,148,149",C,0.11871499568223953,0.0019188493024557829,0.8771917819976807,0.00217434111982584,88.03255477687344
Cosmos3_seed101_0036,148,153,"148,149,150,151,152,153",A,0.9835281372070312,0.0018986560171470046,0.014029274694621563,0.000543974048923701,1.5522576752118766
Cosmos3_seed101_0036,152,157,"152,153,154,155,156,157",A,0.9446071982383728,0.004956843797117472,0.047029223293066025,0.003406785661354661,5.291443085297942
Cosmos3_seed101_0036,156,161,"156,157,158,159,160,161",A,0.8715958595275879,0.005872766487300396,0.11795766651630402,0.0045737153850495815,12.54677651450038
Cosmos3_seed101_0036,160,165,"160,161,162,163,164,165",A,0.9127744436264038,0.006150225643068552,0.07492508739233017,0.006150225643068552,8.4150425856933
Cosmos3_seed101_0036,164,169,"164,165,166,167,168,169",A,0.6701841354370117,0.0074450732208788395,0.3165725767612457,0.0057982285507023335,32.60933419223875
Cosmos3_seed101_0036,168,173,"168,169,170,171,172,173",A,0.7206478714942932,0.008005674928426743,0.2651115655899048,0.0062348260544240475,27.53492291085422
Cosmos3_seed101_0036,172,177,"172,173,174,175,176,177",A,0.8133620619773865,0.003766613779589534,0.1814856082201004,0.0013856597943231463,18.47545749042183
Cosmos3_seed101_0036,176,181,"176,177,178,179,180,181",C,0.18183352053165436,0.0012251845328137279,0.8149212598800659,0.0020199879072606564,81.75538400537334
Cosmos3_seed101_0036,180,185,"180,181,182,183,184,185",C,0.0007096261251717806,4.219591119181132e-06,0.9992280006408691,5.824966137879528e-05,99.92883600978075
Cosmos3_seed101_0036,184,188,"184,185,186,187,188",C,0.0002611776872072369,2.9014222491241526e-06,0.9996905326843262,4.5385881094262004e-05,99.9737369276545
Cosmos3_seed101_0054,0,5,"0,1,2,3,4,5",A,0.9999843835830688,1.3007094821659848e-05,2.2602941953664413e-06,3.9278020835809e-07,0.0009156621814554455
Cosmos3_seed101_0054,4,9,"4,5,6,7,8,9",A,0.9998911619186401,9.610119013814256e-05,1.01289906524471e-05,2.561009978307993e-06,0.006074059569982637
Cosmos3_seed101_0054,8,13,"8,9,10,11,12,13",A,0.9998263716697693,0.00015843380242586136,1.300503845413914e-05,2.25993699132232e-06,0.009448187665839214
Cosmos3_seed101_0054,12,17,"12,13,14,15,16,17",A,0.9992511868476868,0.0007096425979398191,3.1179522920865566e-05,7.88341731094988e-06,0.0393884239201725
Cosmos3_seed101_0054,16,21,"16,17,18,19,20,21",A,0.9989656209945679,0.0009109387174248695,9.601223428035155e-05,2.75079673883738e-05,0.05789895603811601
Cosmos3_seed101_0054,20,25,"20,21,22,23,24,25",A,0.9990160465240479,0.0009109847596846521,5.823730316478759e-05,1.4724695574841462e-05,0.05284543785819551
Cosmos3_seed101_0054,24,29,"24,25,26,27,28,29",A,0.9992320537567139,0.0007096289773471653,4.5365064579527825e-05,1.2997308658668771e-05,0.04131768619117793
Cosmos3_seed101_0054,28,33,"28,29,30,31,32,33",A,0.9994168281555176,0.00055276183411479,2.4286659026984125e-05,6.140629011497367e-06,0.030680820509587647
Cosmos3_seed101_0054,32,37,"32,33,34,35,36,37",A,0.9995298385620117,0.0004305400070734322,3.534087591106072e-05,4.220865776005667e-06,0.02548317452237825
Cosmos3_seed101_0054,36,41,"36,37,38,39,40,41",A,0.9993957281112671,0.0005527501343749464,4.5372496970230713e-05,6.140499863249715e-06,0.03278880640209536
Cosmos3_seed101_0054,40,45,"40,41,42,43,44,45",A,0.9995064735412598,0.00043052996625192463,5.8265894040232524e-05,4.782756150234491e-06,0.027831363331642933
Cosmos3_seed101_0054,44,49,"44,45,46,47,48,49",A,0.9997009038925171,0.00026118039386346936,3.5346925869816914e-05,2.560522489147843e-06,0.016849764529069944
Cosmos3_seed101_0054,48,53,"48,49,50,51,52,53",A,0.9986086487770081,0.0011692504631355405,0.00020318526367191225,1.8899174392572604e-05,0.08067096696322551
Cosmos3_seed101_0054,52,57,"52,53,54,55,56,57",A,0.9994314312934875,0.0004304976318962872,0.00012333963240962476,1.4730818293173797e-05,0.035331926665094215
Cosmos3_seed101_0054,56,61,"56,57,58,59,60,61",A,0.9993072748184204,0.000552701239939779,0.00012332430924288929,1.6690131815266795e-05,0.04163650610280456
Cosmos3_seed101_0054,60,65,"60,61,62,63,64,65",A,0.9994010925292969,0.00043048456427641213,0.0001583664125064388,1.0124025720870122e-05,0.0383732720365515
Cosmos3_seed101_0054,64,69,"64,65,66,67,68,69",A,0.9992309808731079,0.0005526590393856168,0.0002033118944382295,1.2997295016248245e-05,0.049263870914728614
Cosmos3_seed101_0054,68,73,"68,69,70,71,72,73",A,0.9992743134498596,0.0005526829627342522,0.00015834633086342365,1.4728501810168382e-05,0.04494163140407181
Cosmos3_seed101_0054,72,77,"72,73,74,75,76,77",A,0.9991220831871033,0.0007095509208738804,0.000158322203787975,1.0121199920831714e-05,0.05232188641457469
Cosmos3_seed101_0054,76,81,"76,77,78,79,80,81",A,0.9996957778930664,0.00020340646733529866,9.608241089154035e-05,4.7836620069574565e-06,0.020256930656614713
Cosmos3_seed101_0054,80,85,"80,81,82,83,84,85",A,0.9992954730987549,0.00043043907498940825,0.0002610744850244373,1.299813357036328e-05,0.04892921560895047
Cosmos3_seed101_0054,84,89,"84,85,86,87,88,89",A,0.9980772733688354,0.0011686283396556973,0.0007088088896125555,4.5312641304917634e-05,0.13384357007453218
Cosmos3_seed101_0054,88,93,"88,89,90,91,92,93",A,0.9990105628967285,0.0007094717002473772,0.000261000037426129,1.8906781406258233e-05,0.06346426689560758
Cosmos3_seed101_0054,92,97,"92,93,94,95,96,97",A,0.9978764057159424,0.0011683930642902851,0.000909945520106703,4.5303520892048255e-05,0.15394455731438939
Cosmos3_seed101_0054,96,101,"96,97,98,99,100,101",A,0.9975062012672424,0.001499689882621169,0.0009096079156734049,8.460671233478934e-05,0.17440595693187788
Cosmos3_seed101_0054,100,105,"100,101,102,103,104,105",A,0.9980772733688354,0.0011686283396556973,0.0007088088896125555,4.5312641304917634e-05,0.13384357007453218
Cosmos3_seed101_0054,104,109,"104,105,106,107,108,109",A,0.9968127608299255,0.0019243013812229037,0.0011671476531773806,9.58053205977194e-05,0.22251036643865518
Cosmos3_seed101_0054,108,113,"108,109,110,111,112,113",A,0.994684636592865,0.0031658632215112448,0.0019201930845156312,0.0002293343422934413,0.3732459037564695
Cosmos3_seed101_0054,112,117,"112,113,114,115,116,117",A,0.9920028448104858,0.005205553025007248,0.002458929317072034,0.00033277986221946776,0.5394485691795126
Cosmos3_seed101_0054,116,121,"116,117,118,119,120,121",A,0.9917294383049011,0.006682220380753279,0.0011611958034336567,0.00042718005715869367,0.492948605096899
Cosmos3_seed101_0054,120,125,"120,121,122,123,124,125",A,0.991823136806488,0.006682851817458868,0.0011613054666668177,0.00033271958818659186,0.48354509635828435
Cosmos3_seed101_0054,124,129,"124,125,126,127,128,129",A,0.9954321384429932,0.002467429731041193,0.001921636052429676,0.00017873999604489654,0.3334090913995169
Cosmos3_seed101_0054,128,133,"128,129,130,131,132,133",A,0.9983406066894531,0.0009103688062168658,0.0007089959108270705,3.999880937044509e-05,0.12041791233059485
Cosmos3_seed101_0054,132,137,"132,133,134,135,136,137",A,0.9902094602584839,0.005196142476052046,0.004046760033816099,0.0005476693622767925,0.7192500634118915
Cosmos3_seed101_0054,136,141,"136,137,138,139,140,141",A,0.9974381923675537,0.0019255087245255709,0.0005516674718819559,8.460094250040129e-05,0.15990227766451426
Cosmos3_seed101_0054,140,145,"140,141,142,143,144,145",A,0.9982276558876038,0.0011688043596222997,0.0005521040875464678,5.135368337505497e-05,0.11878599507326726
Cosmos3_seed101_0054,144,149,"144,145,146,147,148,149",A,0.9980379939079285,0.0011685822391882539,0.000708781008142978,8.465181599603966e-05,0.13777239437331446
Cosmos3_seed101_0054,148,153,"148,149,150,151,152,153",A,0.998688280582428,0.0009106858051382005,0.00033502260339446366,6.596985622309148e-05,0.08563353621866554
Cosmos3_seed101_0054,152,157,"152,153,154,155,156,157",A,0.9994831085205078,0.0004305198963265866,7.4813149694819e-05,1.1472967344161589e-05,0.03015460652022739
Cosmos3_seed101_0054,156,161,"156,157,158,159,160,161",A,0.9991482496261597,0.0007095694891177118,0.00012330469326116145,1.890938619908411e-05,0.049699882401910145
Cosmos3_seed101_0054,160,165,"160,161,162,163,164,165",A,0.9991551637649536,0.0005526170716620982,0.0002610378141980618,3.117652522632852e-05,0.05685228752554394
Cosmos3_seed101_0054,164,169,"164,165,166,167,168,169",A,0.9985185265541077,0.0011691449908539653,0.0002608714858070016,5.136864638188854e-05,0.08968126276158728
Cosmos3_seed101_0054,168,173,"168,169,170,171,172,173",A,0.9985246062278748,0.0011691520921885967,0.00026087305741384625,4.533294850261882e-05,0.08907820520107634
Cosmos3_seed101_0054,172,177,"172,173,174,175,176,177",A,0.9980800151824951,0.0015005525201559067,0.00033481852733530104,8.465538121527061e-05,0.1169750168628525
Cosmos3_seed101_0054,176,181,"176,177,178,179,180,181",A,0.9974657297134399,0.0019255619263276458,0.00042965091415680945,0.00017910514725372195,0.15715370245743543
Cosmos3_seed101_0054,180,185,"180,181,182,183,184,185",A,0.9927230477333069,0.0052093323320150375,0.0011623591417446733,0.0009052462410181761,0.4672271548770368
Cosmos3_seed101_0054,184,188,"184,185,186,187,188",A,0.9917203187942505,0.00520407035946846,0.0019144705729559064,0.0011611850932240486,0.5677690845914185
Cosmos3_seed101_0055,0,5,"0,1,2,3,4,5",A,0.9999802112579346,1.6701369531801902e-05,2.9022630769759417e-06,2.1023922158747155e-07,0.0011463187064464364
Cosmos3_seed101_0055,4,9,"4,5,6,7,8,9",A,0.9999163150787354,7.48455713619478e-05,7.888664185884409e-06,9.421666504749737e-07,0.0046253616517333285
Cosmos3_seed101_0055,8,13,"8,9,10,11,12,13",A,0.9997822642326355,0.00020342406060080975,1.3004465472477023e-05,1.3706605841434794e-06,0.011608715635702538
Cosmos3_seed101_0055,12,17,"12,13,14,15,16,17",A,0.9996457099914551,0.0003353437641635537,1.6695783415343612e-05,2.259528628201224e-06,0.01866271941253217
Cosmos3_seed101_0055,16,21,"16,17,18,19,20,21",A,0.9987157583236694,0.001169375842437148,9.598822362022474e-05,1.8901200746768154e-05,0.0699577345585567
Cosmos3_seed101_0055,20,25,"20,21,22,23,24,25",A,0.9983009696006775,0.0015008847694844007,0.00015819208056200296,3.999721957370639e-05,0.09486316848779097
Cosmos3_seed101_0055,24,29,"24,25,26,27,28,29",A,0.9989094734191895,0.0009108875528909266,0.00015828851610422134,2.142202174582053e-05,0.06351543142955052
Cosmos3_seed101_0055,28,33,"28,29,30,31,32,33",A,0.9989094734191895,0.0009108875528909266,0.00015828851610422134,2.142202174582053e-05,0.06351543142955052
Cosmos3_seed101_0055,32,37,"32,33,34,35,36,37",A,0.9939001798629761,0.005215509328991175,0.0007058424525894225,0.00017846492119133472,0.34920620382763445
Cosmos3_seed101_0055,36,41,"36,37,38,39,40,41",A,0.9983515739440918,0.0015009607886895537,0.00012320636596996337,2.4260772988782264e-05,0.08979475333035225
Cosmos3_seed101_0055,40,45,"40,41,42,43,44,45",A,0.9982717037200928,0.0015008407644927502,0.00020311672415118665,2.425883212708868e-05,0.09777959385246504
Cosmos3_seed101_0055,44,49,"44,45,46,47,48,49",A,0.9977549910545349,0.0019261202542111278,0.00026067200815305114,5.816379052703269e-05,0.12818959257856477
Cosmos3_seed101_0055,48,53,"48,49,50,51,52,53",A,0.9895746111869812,0.008561497554183006,0.0014877652283757925,0.0003761659609153867,0.6144679966382682
Cosmos3_seed101_0055,52,57,"52,53,54,55,56,57",A,0.9988645315170288,0.0009108465164899826,0.00020323733042459935,2.142105768143665e-05,0.06800816463510273
Cosmos3_seed101_0055,56,61,"56,57,58,59,60,61",A,0.9994884729385376,0.00043052222463302314,7.481354987248778e-05,6.141069661680376e-06,0.029621573185067973
Cosmos3_seed101_0055,60,65,"60,61,62,63,64,65",A,0.9988007545471191,0.000910788425244391,0.00026094523491337895,2.7503429009811953e-05,0.07438428765453864
Cosmos3_seed101_0055,64,69,"64,65,66,67,68,69",A,0.9984506368637085,0.0011690654791891575,0.00033494288800284266,4.5329590648179874e-05,0.09648052182456013
Cosmos3_seed101_0055,68,73,"68,69,70,71,72,73",A,0.9992759823799133,0.0005526838940568268,0.00015834659279789776,1.2997879821341485e-05,0.044768641964765266
Cosmos3_seed101_0055,72,77,"72,73,74,75,76,77",A,0.9990052580833435,0.0007094679167494178,0.00026099864044226706,2.4276656404254027e-05,0.064000925522123
Cosmos3_seed101_0055,76,81,"76,77,78,79,80,81",A,0.9990683197975159,0.0007095127366483212,0.0002032788033830002,1.890787279990036e-05,0.05769430445070611
Cosmos3_seed101_0055,80,85,"80,81,82,83,84,85",A,0.9984971284866333,0.0009105115314014256,0.0005522531573660672,4.0005081245908514e-05,0.10475140043126885
Cosmos3_seed101_0055,84,89,"84,85,86,87,88,89",A,0.9993546605110168,0.00043046456994488835,0.00020333706925157458,1.1471492143755313e-05,0.04300408463677741
Cosmos3_seed101_0055,88,93,"88,89,90,91,92,93",A,0.9989340901374817,0.0007094173924997449,0.0003351050545461476,2.1422549252747558e-05,0.07112363000487676
Cosmos3_seed101_0055,92,97,"92,93,94,95,96,97",A,0.9986239671707153,0.0009106271900236607,0.0004301498120184988,3.5308847145643085e-05,0.09207722541759722
Cosmos3_seed101_0055,96,101,"96,97,98,99,100,101",A,0.9992309808731079,0.0005526590393856168,0.0002033118944382295,1.2997295016248245e-05,0.049263870914728614
Cosmos3_seed101_0055,100,105,"100,101,102,103,104,105",A,0.9985532164573669,0.0011691856198012829,0.0002608805662021041,1.6677537132636644e-05,0.08621509132353822
Cosmos3_seed101_0055,104,109,"104,105,106,107,108,109",A,0.9981402158737183,0.001500643091276288,0.000334838725393638,2.425563616270665e-05,0.11094159071944887
Cosmos3_seed101_0055,108,113,"108,109,110,111,112,113",A,0.9994372725486755,0.00043050016392953694,0.00012334036000538617,8.934745892474893e-06,0.034752518786262954
Cosmos3_seed101_0055,112,117,"112,113,114,115,116,117",A,0.9995312690734863,0.0003353053762111813,0.00012335195788182318,1.0125344488187693e-05,0.03011299904756015
Cosmos3_seed101_0055,116,121,"116,117,118,119,120,121",A,0.9994933605194092,0.0003352926578372717,0.0001583810371812433,1.3000707440369297e-05,0.033902807354024844
Cosmos3_seed101_0055,120,125,"120,121,122,123,124,125",A,0.9994346499443054,0.0004304990288801491,0.00012334003986325115,1.1472410733404104e-05,0.03500619650367298
Cosmos3_seed101_0055,124,129,"124,125,126,127,128,129",A,0.9976880550384521,0.0019259910332038999,0.0003346870362292975,5.132592559675686e-05,0.13490084784280043
Cosmos3_seed101_0055,128,133,"128,129,130,131,132,133",A,0.9978194236755371,0.0019262447021901608,0.00020302469783928245,5.133268132340163e-05,0.12174797302577645
Cosmos3_seed101_0055,132,137,"132,133,134,135,136,137",A,0.9983134269714355,0.0015009035123512149,0.00015819405962247401,2.749000850599259e-05,0.0936135824304074
Cosmos3_seed101_0055,136,141,"136,137,138,139,140,141",A,0.9987353682518005,0.0009107287623919547,0.0003350383776705712,1.8901571820606478e-05,0.0809304330687155
Cosmos3_seed101_0055,140,145,"140,141,142,143,144,145",A,0.9977401494979858,0.0015000415733084083,0.0007085694815032184,5.132860314915888e-05,0.15099188713065814
Cosmos3_seed101_0055,144,149,"144,145,146,147,148,149",A,0.9980529546737671,0.001500511891208589,0.0004299038555473089,1.6669180695316754e-05,0.11968289818469202
Cosmos3_seed101_0055,148,153,"148,149,150,151,152,153",A,0.9988670349121094,0.0009108488447964191,0.00020323783974163234,1.8904063836089335e-05,0.06775663259759312
Cosmos3_seed101_0055,152,157,"152,153,154,155,156,157",A,0.999638557434082,0.00026116412482224405,9.607691754354164e-05,4.221325070830062e-06,0.023088030502549373
Cosmos3_seed101_0055,156,161,"156,157,158,159,160,161",A,0.9995617270469666,0.0003353155916556716,9.606953244656324e-05,6.959253369132057e-06,0.02706865816435311
Cosmos3_seed101_0055,160,165,"160,161,162,163,164,165",A,0.9991592168807983,0.0007095772889442742,0.00012330604658927768,7.882691534177866e-06,0.048597738259559264
Cosmos3_seed101_0055,164,169,"164,165,166,167,168,169",A,0.999016523361206,0.0007094759494066238,0.00026100160903297365,1.2994505595997907e-05,0.06287340893322835
Cosmos3_seed101_0055,168,173,"168,169,170,171,172,173",A,0.9989491105079651,0.000910923641640693,0.00012328011507634073,1.6684149159118533e-05,0.059542608505580574
Cosmos3_seed101_0055,172,177,"172,173,174,175,176,177",A,0.9986577033996582,0.001169307972304523,0.00015824861475266516,1.4719414139108267e-05,0.07576220150440349
Cosmos3_seed101_0055,176,181,"176,177,178,179,180,181",A,0.9986960291862488,0.0011693527922034264,0.00012324887211434543,1.1463931514299475e-05,0.07193891997303581
Cosmos3_seed101_0055,180,185,"180,181,182,183,184,185",A,0.9993663430213928,0.0005527338944375515,7.480440399376675e-05,6.140318873804063e-06,0.03573116700863466
Cosmos3_seed101_0055,184,188,"184,185,186,187,188",A,0.9986510872840881,0.0011693001724779606,0.00015824756701476872,2.1416479285107926e-05,0.0764314132538857
Cosmos3_seed101_0065,0,5,"0,1,2,3,4,5",A,0.9999938011169434,3.7266299841576256e-06,1.0676974397938466e-06,1.3709505992665072e-06,0.00043019630311391666
Cosmos3_seed101_0065,4,9,"4,5,6,7,8,9",A,0.9999581575393677,1.6701002095942385e-05,3.7264971979311667e-06,2.144451173080597e-05,0.003352150997670833
Cosmos3_seed101_0065,8,13,"8,9,10,11,12,13",A,0.9999669790267944,2.144470090570394e-05,3.726530167114106e-06,7.889064363553189e-06,0.0022337944983519264
Cosmos3_seed101_0065,12,17,"12,13,14,15,16,17",A,0.9993141889572144,0.0005527050234377384,5.8254685427527875e-05,7.480050408048555e-05,0.040940770122688264
Cosmos3_seed101_0065,16,21,"16,17,18,19,20,21",A,0.9997451901435852,0.00012337835505604744,3.534849383868277e-05,9.608716209186241e-05,0.01931248334585689
Cosmos3_seed101_0065,20,25,"20,21,22,23,24,25",A,0.9999395608901978,2.144411155313719e-05,3.7264278489601566e-06,3.535536598064937e-05,0.004980384960617812
Cosmos3_seed101_0065,24,29,"24,25,26,27,28,29",A,0.9997584223747253,0.0002034192148130387,2.144022801076062e-05,1.6697666069376282e-05,0.013984750148665626
Cosmos3_seed101_0065,28,33,"28,29,30,31,32,33",A,0.9998849630355835,9.610060078557581e-05,1.6699779735063203e-05,2.2600695501751034e-06,0.006701014967802621
Cosmos3_seed101_0065,32,37,"32,33,34,35,36,37",A,0.9999308586120605,5.829063229612075e-05,1.0129392649105284e-05,7.337707756960299e-07,0.004000847957286169
Cosmos3_seed101_0065,36,41,"36,37,38,39,40,41",A,0.9999539852142334,3.535587529768236e-05,1.0129627298738342e-05,5.714744588658505e-07,0.002837903940644537
Cosmos3_seed101_0065,40,45,"40,41,42,43,44,45",A,0.9999024868011475,7.484453817596659e-05,2.144331665476784e-05,1.2097491435270058e-06,0.006007533488627814
Cosmos3_seed101_0065,44,49,"44,45,46,47,48,49",A,0.9998809099197388,9.610020788386464e-05,2.144285463145934e-05,1.5533153145952383e-06,0.00710462738879869
Cosmos3_seed101_0065,48,53,"48,49,50,51,52,53",A,0.9998743534088135,9.609957487555221e-05,2.753299122559838e-05,1.9944832274632063e-06,0.007757726189083769
Cosmos3_seed101_0065,52,57,"52,53,54,55,56,57",A,0.9999239444732666,5.829022848047316e-05,1.6700430933269672e-05,1.0676228612283012e-06,0.004691316803473455
Cosmos3_seed101_0065,56,61,"56,57,58,59,60,61",A,0.9999281167984009,5.8290472225053236e-05,1.3006362678424921e-05,6.475486884482962e-07,0.0042799147479399835
Cosmos3_seed101_0065,60,65,"60,61,62,63,64,65",A,0.9999438524246216,4.539738074527122e-05,1.0129524525837041e-05,5.714687176805455e-07,0.0033399683616153197
Cosmos3_seed101_0065,64,69,"64,65,66,67,68,69",A,0.9999563694000244,3.535595897119492e-05,7.888980690040626e-06,4.4506580820780073e-07,0.0026012025983845888
Cosmos3_seed101_0065,68,73,"68,69,70,71,72,73",A,0.9999793767929077,1.6701356798876077e-05,3.726576323970221e-06,1.8553532754594926e-07,0.0012262790050954209
Cosmos3_seed101_0065,72,77,"72,73,74,75,76,77",A,0.9999721050262451,2.1444810045068152e-05,6.144040980871068e-06,2.382303136982955e-07,0.001710467631710344
Cosmos3_seed101_0065,76,81,"76,77,78,79,80,81",A,0.9999721050262451,2.1444810045068152e-05,6.144040980871068e-06,3.0589379207413003e-07,0.0017172339795479274
Cosmos3_seed101_0065,80,85,"80,81,82,83,84,85",A,0.9999562501907349,3.5355955333216116e-05,7.888979780545924e-06,5.714757662644843e-07,0.0026138433213418466
Cosmos3_seed101_0065,84,89,"84,85,86,87,88,89",A,0.9999310970306396,5.8290646848035976e-05,1.012939537758939e-05,4.450545532108663e-07,0.003971977335481824
Cosmos3_seed101_0065,88,93,"88,89,90,91,92,93",A,0.9998531341552734,0.00012339168461039662,2.144225982192438e-05,1.994440935959574e-06,0.008513254306308227
Cosmos3_seed101_0065,92,97,"92,93,94,95,96,97",A,0.9998470544815063,0.00012339092791080475,2.7532239982974716e-05,1.9944286577811e-06,0.009122213259615819
Cosmos3_seed101_0065,96,101,"96,97,98,99,100,101",A,0.9999021291732788,7.484450907213613e-05,2.1443309378810227e-05,1.5533482837781776e-06,0.006041891219865647
Cosmos3_seed101_0065,100,105,"100,101,102,103,104,105",A,0.9997932314872742,0.00015842854918446392,4.539054134511389e-05,2.9017203360126587e-06,0.01275065362733585
Cosmos3_seed101_0065,104,109,"104,105,106,107,108,109",A,0.9998745918273926,9.609960397938266e-05,2.7532998501555994e-05,1.76012554220506e-06,0.007734292603345239
Cosmos3_seed101_0065,108,113,"108,109,110,111,112,113",A,0.9997579455375671,0.00020341912750154734,3.534894131007604e-05,3.2879638638405595e-06,0.014034646892469027
Cosmos3_seed101_0065,112,117,"112,113,114,115,116,117",A,0.9996509552001953,0.00026116735534742475,7.482570799766108e-05,1.3002757441427093e-05,0.021841214311280055
Cosmos3_seed101_0065,116,121,"116,117,118,119,120,121",A,0.9996715784072876,0.00026117273955605924,5.827551649417728e-05,8.936840458773077e-06,0.019779872673097998
Cosmos3_seed101_0065,120,125,"120,121,122,123,124,125",A,0.9995556473731995,0.0003353135543875396,9.606895036995411e-05,1.3001517800148576e-05,0.02767272453638725
Cosmos3_seed101_0065,124,129,"124,125,126,127,128,129",A,0.9996744394302368,0.00026117346715182066,5.827568384120241e-05,6.142211987025803e-06,0.019500462940413854
Cosmos3_seed101_0065,128,133,"128,129,130,131,132,133",A,0.9997574687004089,0.00020341902563814074,3.5348926758160815e-05,3.725749365912634e-06,0.014078418894314382
Cosmos3_seed101_0065,132,137,"132,133,134,135,136,137",A,0.9995974898338318,0.00033532758243381977,5.8271198213333264e-05,8.936177437135484e-06,0.023487116686737863
Cosmos3_seed101_0065,136,141,"136,137,138,139,140,141",A,0.9998382329940796,0.00012338983651716262,3.535178257152438e-05,2.9018510758760385e-06,0.009994855190598173
Cosmos3_seed101_0065,140,145,"140,141,142,143,144,145",A,0.8482576012611389,0.002699818229302764,0.14740505814552307,0.0016375224804505706,15.039248974062502
Cosmos3_seed101_0065,144,149,"144,145,146,147,148,149",C,0.028875233605504036,0.001268689171411097,0.9562163949012756,0.013639693148434162,97.04904326354153
Cosmos3_seed101_0065,148,153,"148,149,150,151,152,153",C,0.43442896008491516,0.0029271594248712063,0.557817816734314,0.004826069809496403,56.4107466256246
Cosmos3_seed101_0065,152,157,"152,153,154,155,156,157",A,0.5588790774345398,0.0029327282682061195,0.4352554678916931,0.0029327282682061195,43.96545602940023
Cosmos3_seed101_0065,156,161,"156,157,158,159,160,161",C,0.09510491788387299,0.0008228187798522413,0.9023303389549255,0.00174190744291991,90.44836557877716
Cosmos3_seed101_0065,160,165,"160,161,162,163,164,165",A,0.5611980557441711,0.0010833671549335122,0.43706148862838745,0.0006570953410118818,43.82602675468661
Cosmos3_seed101_0065,164,169,"164,165,166,167,168,169",C,0.11897193640470505,0.0009083619806915522,0.8790903687477112,0.0010293088853359222,88.05738586233929
Cosmos3_seed101_0065,168,173,"168,169,170,171,172,173",C,0.01797879859805107,0.0001555470807943493,0.9816091656684875,0.00025645375717431307,98.1943392966059
Cosmos3_seed101_0065,172,177,"172,173,174,175,176,177",C,0.0373089462518692,0.00019577938655856997,0.9622104167938232,0.0002848573203664273,96.2593163807469
Cosmos3_seed101_0065,176,181,"176,177,178,179,180,181",C,4.539516885415651e-05,1.2097402759536635e-06,0.9998950958251953,5.8288547734264284e-05,99.99539892430676
Cosmos3_seed101_0065,180,185,"180,181,182,183,184,185",C,4.785045803146204e-06,9.931045497069135e-08,0.9999849796295166,1.0129941074410453e-05,99.99951592258185
Cosmos3_seed101_0065,184,188,"184,185,186,187,188",C,1.3005060282011982e-05,5.042609245720087e-07,0.9998279809951782,0.00015843406436033547,99.99866671900008
LVP_0004,0,5,"0,1,2,3,4,5",A,0.9997785687446594,0.0002034233184531331,1.669800258241594e-05,1.3706555819226196e-06,0.011978031739090511
LVP_0004,4,9,"4,5,6,7,8,9",A,0.9997089505195618,0.0002611825184430927,2.75284364761319e-05,2.2596716462430777e-06,0.016037936734392133
LVP_0004,8,13,"8,9,10,11,12,13",A,0.9997010827064514,0.0002611804520711303,3.534693314577453e-05,2.259653911096393e-06,0.016819681309243606
LVP_0004,12,17,"12,13,14,15,16,17",A,0.9992417097091675,0.0007096358458511531,4.536550477496348e-05,3.286266064606025e-06,0.04034696937651461
LVP_0004,16,21,"16,17,18,19,20,21",A,0.999417781829834,0.0005527623579837382,2.752041837084107e-05,1.9935723685193807e-06,0.030589516973122954
LVP_0004,20,25,"20,21,22,23,24,25",A,0.9994174242019653,0.0005527621251530945,2.7520409275894053e-05,2.2590124899579678e-06,0.03061604843423993
LVP_0004,24,29,"24,25,26,27,28,29",A,0.999259889125824,0.0007096487679518759,2.7516070986166596e-05,2.9001726034039166e-06,0.03852406275655085
LVP_0004,28,33,"28,29,30,31,32,33",A,0.9995211362838745,0.00043053628178313375,4.537819040706381e-05,2.9009306672378443e-06,0.026354726196586853
LVP_0004,32,37,"32,33,34,35,36,37",A,0.999828577041626,0.0001233886432601139,4.539214933174662e-05,2.5608496798668057e-06,0.010964732064167038
LVP_0004,36,41,"36,37,38,39,40,41",A,0.9998031258583069,9.609272819943726e-05,9.609272819943726e-05,4.784175416716607e-06,0.01489232677158725
LVP_0004,40,45,"40,41,42,43,44,45",A,0.994176983833313,0.00149468460585922,0.0031642476096749306,0.0011640615994110703,0.5075651512015611
LVP_0004,44,48,"44,45,46,47,48",A,0.9965617060661316,0.002470229519531131,0.0007077325717546046,0.0002603602479211986,0.22032075794413686
LVP_0030,0,5,"0,1,2,3,4,5",A,0.9999803304672241,1.3007042070967145e-05,6.144091457827017e-06,4.4507646634883713e-07,0.0013092688959659426
LVP_0030,4,9,"4,5,6,7,8,9",A,0.9999536275863647,3.535586074576713e-05,1.0129623660759535e-05,8.314901833728072e-07,0.0028639044217015908
LVP_0030,8,13,"8,9,10,11,12,13",A,0.9999659061431885,2.7535512344911695e-05,6.144002782093594e-06,3.058918878195982e-07,0.002021765084236904
LVP_0030,12,17,"12,13,14,15,16,17",A,0.9999897480010986,7.889243534009438e-06,2.2603062461712398e-06,9.931093103432431e-08,0.0006304238944210283
LVP_0030,16,21,"16,17,18,19,20,21",A,0.999966025352478,2.75355159828905e-05,6.144003691588296e-06,2.1023623730798136e-07,0.0020121997920341528
LVP_0030,20,25,"20,21,22,23,24,25",A,0.9999783039093018,1.670133860898204e-05,4.785013970831642e-06,1.8553512859398325e-07,0.0013321218403916646
LVP_0030,24,29,"24,25,26,27,28,29",A,0.9999794960021973,1.670135861786548e-05,3.726576778717572e-06,1.4449507546032692e-07,0.001222175116311064
LVP_0030,28,33,"28,29,30,31,32,33",A,0.9999539852142334,3.535587529768236e-05,1.0129627298738342e-05,5.714744588658505e-07,0.002837903940644537
LVP_0030,32,37,"32,33,34,35,36,37",A,0.9999191761016846,5.828995199408382e-05,2.144367499568034e-05,1.0676177453206037e-06,0.005165626873804285
LVP_0030,36,41,"36,37,38,39,40,41",A,0.99988853931427,7.484349043807015e-05,3.535356154316105e-05,1.209732317875023e-06,0.007398503908007115
LVP_0030,40,45,"40,41,42,43,44,45",C,0.0757935419678688,0.0005786907859146595,0.9233543872833252,0.00027335420600138605,92.39170868822839
LVP_0030,44,48,"44,45,46,47,48",C,5.8291097957408056e-05,6.475556233453972e-07,0.9999388456344604,2.2601911950914655e-06,99.99414296034672
LVP_0053,0,5,"0,1,2,3,4,5",A,0.9997005462646484,0.000261180306551978,3.5346911317901686e-05,2.9014513529546093e-06,0.01688385159468453
LVP_0053,4,9,"4,5,6,7,8,9",A,0.999942421913147,3.535546420607716e-05,2.144417339877691e-05,7.33779302208859e-07,0.003985568480402435
LVP_0053,8,13,"8,9,10,11,12,13",A,0.9999567270278931,2.144448080798611e-05,2.144448080798611e-05,3.466177531663561e-07,0.003251333896514552
LVP_0053,12,17,"12,13,14,15,16,17",A,0.9998264908790588,9.609497647034004e-05,7.48388483771123e-05,2.560844222898595e-06,0.012544718083518092
LVP_0053,16,21,"16,17,18,19,20,21",A,0.9996101260185242,0.0002611566742416471,0.00012336167856119573,5.420134129963117e-06,0.02593601498119824
LVP_0053,20,25,"20,21,22,23,24,25",A,0.920971691608429,0.021659178659319878,0.03570994734764099,0.021659178659319878,6.819871533662081
LVP_0053,24,29,"24,25,26,27,28,29",A,0.9713830947875977,0.01385603565722704,0.010791092179715633,0.003969820681959391,2.1688930690288544
LVP_0053,28,33,"28,29,30,31,32,33",A,0.998430073261261,0.0011690413812175393,0.0003349359903950244,6.595280137844384e-05,0.09854094823822379
LVP_0053,32,37,"32,33,34,35,36,37",A,0.9938941597938538,0.004061818588525057,0.001494259457103908,0.0005497073289006948,0.40748760802671313
LVP_0053,36,41,"36,37,38,39,40,41",A,0.9973201155662537,0.0019252807833254337,0.000551602162886411,0.000202923096367158,0.17171656509162858
LVP_0053,40,45,"40,41,42,43,44,45",A,0.9985387325286865,0.0011691686231642962,0.00026087675360031426,3.115729123237543e-05,0.08766183564148378
LVP_0053,44,48,"44,45,46,47,48",A,0.9954062700271606,0.00316816009581089,0.0011655008420348167,0.00026005838299170136,0.3009639272931963
LVP_0054,0,5,"0,1,2,3,4,5",A,0.9995768666267395,0.0003353206848260015,7.482016371795908e-05,1.3001793377043214e-05,0.025548229950800305
LVP_0054,4,9,"4,5,6,7,8,9",A,0.9999469518661499,3.535562427714467e-05,1.670081474003382e-05,9.42195526931755e-07,0.003532082240553791
LVP_0054,8,13,"8,9,10,11,12,13",A,0.9999258518218994,4.539656583801843e-05,2.7534410037333146e-05,1.2097774515495985e-06,0.005144247040789196
LVP_0054,12,17,"12,13,14,15,16,17",A,0.999567449092865,0.0002611455274745822,0.0001583927805768326,1.3001671504753176e-05,0.030196721581887687
LVP_0054,16,21,"16,17,18,19,20,21",A,0.9998631477355957,7.484159141313285e-05,5.8286685089115053e-05,3.7261431771185016e-06,0.009943362397279998
LVP_0054,20,25,"20,21,22,23,24,25",A,0.9996684789657593,0.0001584087876835838,0.0001584087876835838,1.4734311662323307e-05,0.0252347493187699
LVP_0054,24,29,"24,25,26,27,28,29",A,0.9995988011360168,0.00026115370565094054,0.0001233602815773338,1.6694999430910684e-05,0.027063213383371476
LVP_0054,28,33,"28,29,30,31,32,33",A,0.9997335076332092,0.00020341415074653924,5.8279129007132724e-05,4.783842541655758e-06,0.01647700469220581
LVP_0054,32,37,"32,33,34,35,36,37",A,0.9997385144233704,0.00015841989079490304,9.608652180759236e-05,6.9604843702109065e-06,0.01822569515752548
LVP_0054,36,41,"36,37,38,39,40,41",A,0.9998422861099243,9.609649714548141e-05,5.8285470004193485e-05,3.2882412597246002e-06,0.010962195983665879
LVP_0054,40,45,"40,41,42,43,44,45",A,0.9992675185203552,0.0005526792374439538,0.00015834525402169675,2.1429699700092897e-05,0.04561145724437665
LVP_0054,44,48,"44,45,46,47,48",A,0.9996337890625,0.0002611628733575344,9.607645915821195e-05,8.936503036238719e-06,0.023559439887321787
LVP_0055,0,5,"0,1,2,3,4,5",A,0.9993982315063477,0.00043048334191553295,0.0001583659613970667,1.2999470527574886e-05,0.03866071028824081
LVP_0055,4,9,"4,5,6,7,8,9",A,0.9997923970222473,0.00015842841821722686,4.539050496532582e-05,3.7258794236549875e-06,0.012833059349759424
LVP_0055,8,13,"8,9,10,11,12,13",A,0.9999372959136963,4.5397086068987846e-05,1.6700652849976905e-05,6.475546570072765e-07,0.0040046750541478104
LVP_0055,12,17,"12,13,14,15,16,17",A,0.9997192025184631,0.00020341124036349356,7.483081571990624e-05,2.5605695554986596e-06,0.017909700545715168
LVP_0055,16,21,"16,17,18,19,20,21",A,0.9998433589935303,9.6096599008888e-05,5.8285531849833205e-05,2.25997541747347e-06,0.010859380677175068
LVP_0055,20,25,"20,21,22,23,24,25",A,0.9999364614486694,2.7534701075637713e-05,3.5355256841285154e-05,6.475540885730879e-07,0.00497701614676771
LVP_0055,24,29,"24,25,26,27,28,29",A,0.9996980428695679,0.00020340693299658597,9.608262917026877e-05,2.5605152131902287e-06,0.0200346610881752
LVP_0055,28,33,"28,29,30,31,32,33",A,0.99974125623703,0.0001584203273523599,9.608678374206647e-05,4.221758445055457e-06,0.017951870586330188
LVP_0055,32,37,"32,33,34,35,36,37",A,0.9999078512191772,4.539574729278684e-05,4.539574729278684e-05,1.3708328197026276e-06,0.006946445375888288
LVP_0055,36,41,"36,37,38,39,40,41",A,0.9997634291648865,0.00015842383436392993,7.48341262806207e-05,3.2879818263609195e-06,0.015733402528894658
LVP_0055,40,45,"40,41,42,43,44,45",A,0.9990020394325256,0.0007094656466506422,0.0002609977964311838,2.7508969651535153e-05,0.064323958940804
LVP_0055,44,48,"44,45,46,47,48",A,0.9994465708732605,0.0003352769708726555,0.00020335576846264303,1.4731041119375732e-05,0.03857252950183465
LVP_0056,0,5,"0,1,2,3,4,5",A,0.9999076128005981,7.484492380172014e-05,1.670015808485914e-05,8.314519277519139e-07,0.0054954071913471125
LVP_0056,4,9,"4,5,6,7,8,9",A,0.9998751878738403,9.609966218704358e-05,2.7533014872460626e-05,1.2097161743440665e-06,0.007679256214032648
LVP_0056,8,13,"8,9,10,11,12,13",A,0.99978107213974,0.00015842662833165377,5.828190114698373e-05,2.2598346731683705e-06,0.013975504998597899
LVP_0056,12,17,"12,13,14,15,16,17",A,0.9994551539421082,0.00033527985215187073,0.00020335751469247043,6.140864570625126e-06,0.03771383053390309
LVP_0056,16,21,"16,17,18,19,20,21",A,0.9997139573097229,0.00015841599088162184,0.00012337449879851192,4.2216433939756826e-06,0.020680413763329852
LVP_0056,20,25,"20,21,22,23,24,25",A,0.9994544386863708,0.0003352796193212271,0.00020335736917331815,6.95850621923455e-06,0.037795568505316623
LVP_0056,24,29,"24,25,26,27,28,29",A,0.9991220831871033,0.0007095509208738804,0.000158322203787975,1.0121199920831714e-05,0.05232188641457469
LVP_0056,28,33,"28,29,30,31,32,33",A,0.9990081191062927,0.0007094699540175498,0.00026099939714185894,2.1424137230496854e-05,0.06371585113811307
LVP_0056,32,37,"32,33,34,35,36,37",A,0.9996602535247803,0.00026116977096535265,7.482640648959205e-05,3.7253869322739774e-06,0.020913667890454235
LVP_0056,36,41,"36,37,38,39,40,41",A,0.9996366500854492,0.0002611636009532958,9.607673564460129e-05,6.141980065876851e-06,0.023280051618712605
LVP_0056,40,45,"40,41,42,43,44,45",A,0.9994633793830872,0.00043051139800809324,9.60600737016648e-05,1.0124656910193153e-05,0.03214404296159046
LVP_0056,44,48,"44,45,46,47,48",A,0.9997163414955139,0.00020341065828688443,7.483060471713543e-05,5.42071029485669e-06,0.018195664415543433
