case,dataset,gt,video_path,source_path,task_prompt,source_exists
Cosmos2.5_0016,Cosmos2.5,1,/shared/ssd_30T/zhuoyingyang/physact/cosmos_predict25/native_outputs/robowm_68_full/0016.mp4,/shared/ssd_30T/zhuoyingyang/physact/evaluation_results/robowm_lvp_68_numbered/images/0016.png,"The robotic arm picks up the white cup from the table to a certain height. Throughout the entire sequence, the gripper undergoes no structural deformation, only the opening angle of its jaws changes; the rotational movements of the robotic arm joints strictly adhere to its inherent mechanical structure; and the camera perspective remains completely unchanged.",True
Cosmos2.5_0058,Cosmos2.5,1,/shared/ssd_30T/zhuoyingyang/physact/cosmos_predict25/native_outputs/robowm_68_full/0058.mp4,/shared/ssd_30T/zhuoyingyang/physact/evaluation_results/robowm_lvp_68_numbered/images/0058.png,"The robotic arm picks up the white cup from the table and moves the gripper above the plate then releases the gripper to place the cup on the plate. Throughout the entire sequence, the gripper undergoes no structural deformation, only the opening angle of its jaws changes; the rotational movements of the robotic arm joints strictly adhere to its inherent mechanical structure; and the camera perspective remains completely unchanged.",True
Cosmos2.5_0060,Cosmos2.5,1,/shared/ssd_30T/zhuoyingyang/physact/cosmos_predict25/native_outputs/robowm_68_full/0060.mp4,/shared/ssd_30T/zhuoyingyang/physact/evaluation_results/robowm_lvp_68_numbered/images/0060.png,"The robotic arm picks up the white cup from the table and moves the gripper above the plate then releases the cup placing it on the plate. Throughout the entire sequence, the gripper undergoes no structural deformation, only the opening angle of its jaws changes; the rotational movements of the robotic arm joints strictly adhere to its inherent mechanical structure; and the camera perspective remains completely unchanged.",True
Cosmos2.5_0064,Cosmos2.5,1,/shared/ssd_30T/zhuoyingyang/physact/cosmos_predict25/native_outputs/robowm_68_full/0064.mp4,/shared/ssd_30T/zhuoyingyang/physact/evaluation_results/robowm_lvp_68_numbered/images/0064.png,"The robotic arm picks up the small white cube from the table and moves the gripper above the plate then releases the gripper to place the white cube on the plate. Throughout the entire sequence, the gripper undergoes no structural deformation, only the opening angle of its jaws changes; the rotational movements of the robotic arm joints strictly adhere to its inherent mechanical structure; and the camera perspective remains completely unchanged.",True
Cosmos3_seed101_0003,Cosmos3_seed101,1,/shared/ssd_30T/zhuoyingyang/physact/cosmos3/export_robowm68_3seeds/seed101/0003.mp4,/shared/ssd_30T/zhuoyingyang/physact/evaluation_results/robowm_lvp_68_numbered/images/0003.png,"The robotic arm picks up the yellow cube from the table and moves it above the trash bin then releases the gripper so the cube falls into the bin. Throughout the entire sequence, the gripper undergoes no structural deformation, only the opening angle of its jaws changes; the rotational movements of the robotic arm joints strictly adhere to its inherent mechanical structure; and the camera perspective remains completely unchanged.",True
Cosmos3_seed101_0010,Cosmos3_seed101,1,/shared/ssd_30T/zhuoyingyang/physact/cosmos3/export_robowm68_3seeds/seed101/0010.mp4,/shared/ssd_30T/zhuoyingyang/physact/evaluation_results/robowm_lvp_68_numbered/images/0010.png,"The robotic arm picks up the white cup from the table and moves it above the beige trash bin then releases the gripper so the cup falls into the bin. Throughout the entire sequence, the gripper undergoes no structural deformation, only the opening angle of its jaws changes; the rotational movements of the robotic arm joints strictly adhere to its inherent mechanical structure; and the camera perspective remains completely unchanged.",True
Cosmos3_seed101_0012,Cosmos3_seed101,1,/shared/ssd_30T/zhuoyingyang/physact/cosmos3/export_robowm68_3seeds/seed101/0012.mp4,/shared/ssd_30T/zhuoyingyang/physact/evaluation_results/robowm_lvp_68_numbered/images/0012.png,"The robotic arm picks up the white cup from the table and moves it above the beige trash bin then releases the gripper so the cup falls into the bin. Throughout the entire sequence, the gripper undergoes no structural deformation, only the opening angle of its jaws changes; the rotational movements of the robotic arm joints strictly adhere to its inherent mechanical structure; and the camera perspective remains completely unchanged.",True
Cosmos3_seed101_0017,Cosmos3_seed101,1,/shared/ssd_30T/zhuoyingyang/physact/cosmos3/export_robowm68_3seeds/seed101/0017.mp4,/shared/ssd_30T/zhuoyingyang/physact/evaluation_results/robowm_lvp_68_numbered/images/0017.png,"The robotic arm picks up the white cube from the table to a certain height. Throughout the entire sequence, the gripper undergoes no structural deformation, only the opening angle of its jaws changes; the rotational movements of the robotic arm joints strictly adhere to its inherent mechanical structure; and the camera perspective remains completely unchanged.",True
Cosmos3_seed101_0020,Cosmos3_seed101,1,/shared/ssd_30T/zhuoyingyang/physact/cosmos3/export_robowm68_3seeds/seed101/0020.mp4,/shared/ssd_30T/zhuoyingyang/physact/evaluation_results/robowm_lvp_68_numbered/images/0020.png,"The robotic arm picks up the banana from the table to a certain height. Throughout the entire sequence, the gripper undergoes no structural deformation, only the opening angle of its jaws changes; the rotational movements of the robotic arm joints strictly adhere to its inherent mechanical structure; and the camera perspective remains completely unchanged.",True
Cosmos3_seed101_0027,Cosmos3_seed101,1,/shared/ssd_30T/zhuoyingyang/physact/cosmos3/export_robowm68_3seeds/seed101/0027.mp4,/shared/ssd_30T/zhuoyingyang/physact/evaluation_results/robowm_lvp_68_numbered/images/0027.png,"The robotic arm pulls the white tape roll on the table inward a short distance. Throughout the entire sequence, the gripper undergoes no structural deformation, only the opening angle of its jaws changes; the rotational movements of the robotic arm joints strictly adhere to its inherent mechanical structure; and the camera perspective remains completely unchanged.",True
Cosmos3_seed101_0036,Cosmos3_seed101,1,/shared/ssd_30T/zhuoyingyang/physact/cosmos3/export_robowm68_3seeds/seed101/0036.mp4,/shared/ssd_30T/zhuoyingyang/physact/evaluation_results/robowm_lvp_68_numbered/images/0036.png,"The robotic arm pushes the white tape roll on the table a short distance away from the robotic arm. Throughout the entire sequence, the gripper undergoes no structural deformation, only the opening angle of its jaws changes; the rotational movements of the robotic arm joints strictly adhere to its inherent mechanical structure; and the camera perspective remains completely unchanged.",True
Cosmos3_seed101_0054,Cosmos3_seed101,1,/shared/ssd_30T/zhuoyingyang/physact/cosmos3/export_robowm68_3seeds/seed101/0054.mp4,/shared/ssd_30T/zhuoyingyang/physact/evaluation_results/robowm_lvp_68_numbered/images/0054.png,"The robotic arm picks up the yellow cube from the table moves it above the open drawer releases the gripper letting the yellow cube fall into the drawer then closes the gripper pushing the drawer back to the closed position. Throughout the entire sequence, the gripper undergoes no structural deformation, only the opening angle of its jaws changes; the rotational movements of the robotic arm joints strictly adhere to its inherent mechanical structure; and the camera perspective remains completely unchanged.",True
Cosmos3_seed101_0055,Cosmos3_seed101,1,/shared/ssd_30T/zhuoyingyang/physact/cosmos3/export_robowm68_3seeds/seed101/0055.mp4,/shared/ssd_30T/zhuoyingyang/physact/evaluation_results/robowm_lvp_68_numbered/images/0055.png,"The robotic arm picks up the yellow cube from the table moves it above the open drawer releases the gripper letting the yellow cube fall into the drawer then closes the gripper pushing the drawer back to the closed position. Throughout the entire sequence, the gripper undergoes no structural deformation, only the opening angle of its jaws changes; the rotational movements of the robotic arm joints strictly adhere to its inherent mechanical structure; and the camera perspective remains completely unchanged.",True
Cosmos3_seed101_0065,Cosmos3_seed101,1,/shared/ssd_30T/zhuoyingyang/physact/cosmos3/export_robowm68_3seeds/seed101/0065.mp4,/shared/ssd_30T/zhuoyingyang/physact/evaluation_results/robowm_lvp_68_numbered/images/0065.png,"The robotic arm picks up the brown cup from the table and moves the gripper above the plate then releases the gripper to place the cup on the plate. Throughout the entire sequence, the gripper undergoes no structural deformation, only the opening angle of its jaws changes; the rotational movements of the robotic arm joints strictly adhere to its inherent mechanical structure; and the camera perspective remains completely unchanged.",True
LVP_0004,LVP,1,/shared/ssd_30T/zhuoyingyang/physact/evaluation_results/robowm_lvp_68_numbered/videos/0004.mp4,/shared/ssd_30T/zhuoyingyang/physact/evaluation_results/robowm_lvp_68_numbered/images/0004.png,"The robotic arm picks up the yellow cube from the table and moves it above the trash bin then releases the gripper so the cube falls into the bin. Throughout the entire sequence, the gripper undergoes no structural deformation, only the opening angle of its jaws changes; the rotational movements of the robotic arm joints strictly adhere to its inherent mechanical structure; and the camera perspective remains completely unchanged.",True
LVP_0030,LVP,1,/shared/ssd_30T/zhuoyingyang/physact/evaluation_results/robowm_lvp_68_numbered/videos/0030.mp4,/shared/ssd_30T/zhuoyingyang/physact/evaluation_results/robowm_lvp_68_numbered/images/0030.png,"The robotic arm pulls the brown cube on the table inward a short distance. Throughout the entire sequence, the gripper undergoes no structural deformation, only the opening angle of its jaws changes; the rotational movements of the robotic arm joints strictly adhere to its inherent mechanical structure; and the camera perspective remains completely unchanged.",True
LVP_0053,LVP,1,/shared/ssd_30T/zhuoyingyang/physact/evaluation_results/robowm_lvp_68_numbered/videos/0053.mp4,/shared/ssd_30T/zhuoyingyang/physact/evaluation_results/robowm_lvp_68_numbered/images/0053.png,"The robotic arm picks up the yellow cube from the table moves it above the open drawer releases the gripper letting the yellow cube fall into the drawer then closes the gripper pushing the drawer back to the closed position. Throughout the entire sequence, the gripper undergoes no structural deformation, only the opening angle of its jaws changes; the rotational movements of the robotic arm joints strictly adhere to its inherent mechanical structure; and the camera perspective remains completely unchanged.",True
LVP_0054,LVP,1,/shared/ssd_30T/zhuoyingyang/physact/evaluation_results/robowm_lvp_68_numbered/videos/0054.mp4,/shared/ssd_30T/zhuoyingyang/physact/evaluation_results/robowm_lvp_68_numbered/images/0054.png,"The robotic arm picks up the yellow cube from the table moves it above the open drawer releases the gripper letting the yellow cube fall into the drawer then closes the gripper pushing the drawer back to the closed position. Throughout the entire sequence, the gripper undergoes no structural deformation, only the opening angle of its jaws changes; the rotational movements of the robotic arm joints strictly adhere to its inherent mechanical structure; and the camera perspective remains completely unchanged.",True
LVP_0055,LVP,1,/shared/ssd_30T/zhuoyingyang/physact/evaluation_results/robowm_lvp_68_numbered/videos/0055.mp4,/shared/ssd_30T/zhuoyingyang/physact/evaluation_results/robowm_lvp_68_numbered/images/0055.png,"The robotic arm picks up the yellow cube from the table moves it above the open drawer releases the gripper letting the yellow cube fall into the drawer then closes the gripper pushing the drawer back to the closed position. Throughout the entire sequence, the gripper undergoes no structural deformation, only the opening angle of its jaws changes; the rotational movements of the robotic arm joints strictly adhere to its inherent mechanical structure; and the camera perspective remains completely unchanged.",True
LVP_0056,LVP,1,/shared/ssd_30T/zhuoyingyang/physact/evaluation_results/robowm_lvp_68_numbered/videos/0056.mp4,/shared/ssd_30T/zhuoyingyang/physact/evaluation_results/robowm_lvp_68_numbered/images/0056.png,"The robotic arm picks up the yellow cube from the table moves it above the open drawer releases the gripper letting the yellow cube fall into the drawer then closes the gripper pushing the drawer back to the closed position. Throughout the entire sequence, the gripper undergoes no structural deformation, only the opening angle of its jaws changes; the rotational movements of the robotic arm joints strictly adhere to its inherent mechanical structure; and the camera perspective remains completely unchanged.",True
